Date,ADANIENT,ADANIPORTS,APOLLOHOSP,ASIANPAINT,AXISBANK,BAJAJ-AUTO,BAJFINANCE,BAJAJFINSV,BEL,BHARTIARTL,CIPLA,COALINDIA,DRREDDY,EICHERMOT,ETERNAL,GRASIM,HCLTECH,HDFCBANK,HDFCLIFE,HINDALCO,HINDUNILVR,ICICIBANK,ITC,INFY,INDIGO,JSWSTEEL,JIOFIN,KOTAKBANK,LT,M&M,MARUTI,MAXHEALTH,NTPC,NESTLEIND,ONGC,POWERGRID,RELIANCE,SBILIFE,SHRIRAMFIN,SBIN,SUNPHARMA,TCS,TATACONSUM,TMPV,TATASTEEL,TECHM,TITAN,TRENT,ULTRACEMCO,WIPRO
2025-09-15,2383.39990234375,1395.199951171875,7806.13671875,2498.700439453125,1104.4000244140625,9025.0,1009.8499755859375,2080.0,396.76092529296875,1904.5,1548.300048828125,379.3219909667969,1300.800048828125,6801.0,323.29998779296875,2802.39990234375,1444.4205322265625,967.0499877929688,777.2000122070312,753.6500244140625,2560.868896484375,1419.4000244140625,404.1793518066406,1485.6563720703125,5728.5,1100.9000244140625,315.3500061035156,394.1600036621094,3586.199951171875,3530.300048828125,15265.0,1175.4000244140625,325.8524169921875,1205.9886474609375,221.4925537109375,278.38897705078125,1399.300048828125,1819.67041015625,619.8726806640625,824.75,1591.660888671875,3044.982177734375,1102.5999755859375,,169.22999572753906,1504.0518798828125,3534.10009765625,5133.0,12435.0,244.95584106445312
2025-09-16,2399.39990234375,1408.199951171875,7842.0888671875,2477.033935546875,1121.199951171875,9072.5,1003.25,2080.300048828125,401.1920471191406,1939.5,1559.0,380.3309326171875,1310.4000244140625,6927.5,327.29998779296875,2843.0,1460.7706298828125,966.8499755859375,774.3499755859375,755.9500122070312,2560.769775390625,1421.5999755859375,404.6201171875,1488.5126953125,5727.5,1115.199951171875,315.45001220703125,404.3399963378906,3667.800048828125,3608.0,15573.0,1158.699951171875,329.73980712890625,1197.7332763671875,224.1913604736328,280.43133544921875,1405.300048828125,1816.275146484375,614.3562622070312,831.5499877929688,1600.1060791015625,3078.0556640625,1092.0999755859375,,172.02000427246094,1515.630615234375,3556.800048828125,5147.5,12578.0,247.61712646484375
2025-09-17,2402.0,1406.0999755859375,7877.54150390625,2489.71435546875,1126.0,9084.0,1007.5,2057.0,410.45263671875,1941.300048828125,1559.5999755859375,384.1265563964844,1311.4000244140625,6890.5,328.25,2865.39990234375,1459.1947021484375,966.5,768.0499877929688,750.0999755859375,2549.656982421875,1419.199951171875,400.8981018066406,1499.4453125,5746.5,1111.0,315.8500061035156,410.05999755859375,3685.5,3633.199951171875,15801.0,1153.800048828125,331.06842041015625,1197.832763671875,225.89837646484375,279.2642822265625,1413.800048828125,1801.4957275390625,619.47509765625,857.1500244140625,1609.743408203125,3104.57275390625,1136.300048828125,,171.36000061035156,1531.16796875,3523.0,5197.5,12721.0,247.75360107421875
2025-09-18,2402.0,1412.800048828125,7840.09130859375,2474.837646484375,1133.0,9075.0,996.5,2069.199951171875,408.1623840332031,1941.0999755859375,1578.199951171875,377.7845153808594,1322.699951171875,6924.5,337.8500061035156,2878.800048828125,1471.3094482421875,976.9000244140625,784.5999755859375,750.1500244140625,2566.623779296875,1421.699951171875,403.1019287109375,1517.370849609375,5715.5,1121.0999755859375,317.3500061035156,410.9200134277344,3686.0,3642.199951171875,15817.0,1173.4000244140625,331.6097412109375,1202.60693359375,224.6681671142578,281.1607360839844,1415.0,1819.27099609375,623.10302734375,854.3499755859375,1637.9600830078125,3108.388916015625,1129.300048828125,,172.02999877929688,1534.631591796875,3511.300048828125,5144.0,12626.0,250.46363830566406
2025-09-19,2524.0,1427.800048828125,7796.14990234375,2477.832763671875,1135.9000244140625,8971.5,992.4500122070312,2067.300048828125,407.1665954589844,1962.4000244140625,1575.800048828125,379.08172607421875,1321.699951171875,6973.5,336.54998779296875,2877.89990234375,1445.3070068359375,966.9000244140625,782.2000122070312,743.2999877929688,2539.635986328125,1402.199951171875,402.22039794921875,1516.976806640625,5679.0,1122.800048828125,317.0,406.20001220703125,3675.39990234375,3592.10009765625,15864.0,1159.699951171875,333.28277587890625,1188.0853271484375,225.71719360351562,278.3403625488281,1407.4000244140625,1839.143310546875,629.3648681640625,862.3499755859375,1645.3123779296875,3101.050048828125,1126.800048828125,,171.47999572753906,1537.6995849609375,3467.199951171875,5080.0,12508.0,249.44007873535156
2025-09-22,2629.5,1444.199951171875,7728.7392578125,2478.831298828125,1144.4000244140625,9054.5,1006.5,2069.5,404.6772155761719,1956.199951171875,1542.199951171875,379.27392578125,1301.4000244140625,6946.0,341.8500061035156,2854.10009765625,1418.2210693359375,964.2000122070312,787.7999877929688,745.7000122070312,2552.1376953125,1401.5,398.59637451171875,1476.8905029296875,5747.5,1117.0,313.8500061035156,404.3399963378906,3644.5,3584.800048828125,15816.0,1171.5999755859375,333.8240661621094,1181.918701171875,226.46102905273438,278.7779846191406,1390.5999755859375,1855.12109375,624.0472412109375,855.25,1633.389892578125,3007.70166015625,1130.0999755859375,,171.38999938964844,1489.8011474609375,3457.5,5010.5,12650.0,244.02975463867188
2025-09-23,2676.39990234375,1441.5999755859375,7673.81201171875,2443.0869140625,1170.800048828125,8984.5,1025.5,2084.39990234375,402.7355041503906,1938.699951171875,1527.0999755859375,378.6493225097656,1308.4000244140625,6990.5,338.3500061035156,2813.5,1408.2730712890625,957.2000122070312,775.0499877929688,745.9000244140625,2502.527587890625,1394.300048828125,394.9233703613281,1474.920654296875,5732.0,1138.4000244140625,312.54998779296875,409.5400085449219,3657.60009765625,3614.60009765625,16097.0,1157.0,337.5638427734375,1162.1256103515625,225.68858337402344,280.6744689941406,1389.800048828125,1816.8743896484375,624.991455078125,870.5999755859375,1620.67236328125,2996.546630859375,1128.5,,173.2899932861328,1456.648193359375,3439.199951171875,4891.0,12401.0,243.34738159179688
2025-09-24,2619.800048828125,1431.5999755859375,7633.36572265625,2453.37109375,1158.9000244140625,8839.0,1029.75,2069.199951171875,393.7736511230469,1931.0999755859375,1538.0,377.4962463378906,1298.0999755859375,7011.5,335.79998779296875,2807.39990234375,1420.5848388671875,951.0499877929688,770.25,741.0499877929688,2529.61474609375,1382.699951171875,392.76849365234375,1472.0643310546875,5686.0,1149.0999755859375,306.75,406.260009765625,3673.800048828125,3574.89990234375,16249.0,1133.199951171875,342.0909423828125,1172.270751953125,227.4623565673828,285.245361328125,1383.0,1814.5775146484375,621.3636474609375,866.2000122070312,1616.598876953125,2970.127197265625,1140.0999755859375,,172.66000366210938,1437.350341796875,3418.300048828125,4897.0,12214.0,238.43421936035156
2025-09-25,2576.39990234375,1407.199951171875,7613.8916015625,2400.25390625,1166.5999755859375,8842.5,1012.75,2035.5999755859375,401.44097900390625,1935.5999755859375,1509.699951171875,377.159912109375,1275.199951171875,6986.0,332.25,2778.60009765625,1402.363525390625,949.8499755859375,765.0499877929688,745.6500244140625,2518.502197265625,1375.800048828125,391.8869934082031,1462.4122314453125,5674.5,1148.5,301.6000061035156,402.70001220703125,3644.39990234375,3530.0,16269.0,1137.699951171875,335.1034240722656,1167.1981201171875,228.5590362548828,276.58978271484375,1372.4000244140625,1807.2877197265625,608.989013671875,861.1500244140625,1616.89697265625,2893.804443359375,1134.199951171875,,172.3800048828125,1429.334228515625,3378.5,4742.5,12141.0,235.90940856933594
2025-09-26,2543.699951171875,1392.0,7500.04296875,2339.1494140625,1154.0,8702.0,985.0999755859375,2003.199951171875,394.2217102050781,1916.5999755859375,1499.4000244140625,373.9408264160156,1253.0999755859375,7047.0,321.0,2746.800048828125,1374.2926025390625,945.0499877929688,764.4000244140625,743.8499755859375,2492.208740234375,1359.5999755859375,396.7843322753906,1427.053466796875,5561.0,1130.800048828125,295.8500061035156,398.9599914550781,3729.5,3396.5,16286.0,1123.4000244140625,332.54461669921875,1156.356689453125,226.98553466796875,274.49884033203125,1377.5999755859375,1796.302978515625,602.3792724609375,856.9500122070312,1576.4595947265625,2836.758544921875,1119.0,,167.39999389648438,1393.1134033203125,3327.300048828125,4679.0,12070.0,229.8166961669922
2025-09-29,2509.5,1383.199951171875,7434.13037109375,2338.94970703125,1132.199951171875,8717.5,990.9500122070312,2024.699951171875,398.25457763671875,1902.199951171875,1488.0,373.1240539550781,1234.5999755859375,6985.0,324.8500061035156,2746.89990234375,1366.5113525390625,950.2999877929688,756.5999755859375,753.7999877929688,2478.4169921875,1348.0999755859375,398.89019775390625,1420.060546875,5707.0,1122.199951171875,294.20001220703125,398.32000732421875,3688.39990234375,3418.10009765625,15984.0,1112.0,335.54632568359375,1146.3109130859375,228.8546600341797,272.8941650390625,1372.800048828125,1786.2169189453125,608.0944213867188,870.75,1579.04296875,2833.82275390625,1123.0999755859375,,168.97999572753906,1396.082275390625,3401.199951171875,4730.5,12041.0,233.60879516601562
2025-09-30,2505.89990234375,1403.5,7399.1767578125,2346.338134765625,1131.5999755859375,8678.5,998.9000244140625,2006.4000244140625,402.23760986328125,1878.4000244140625,1503.300048828125,374.7095947265625,1223.699951171875,7005.5,325.5,2756.89990234375,1364.24609375,951.0,756.4500122070312,761.9500122070312,2494.788330078125,1348.0,393.30718994140625,1420.060546875,5594.5,1142.699951171875,293.20001220703125,398.5400085449219,3659.0,3427.0,16029.0,1114.699951171875,335.05426025390625,1146.708740234375,228.39691162109375,272.55377197265625,1364.0,1788.1142578125,612.368408203125,872.4500122070312,1584.0106201171875,2826.288330078125,1129.300048828125,,168.77000427246094,1385.7901611328125,3367.0,4677.5,12222.0,233.3455810546875
2025-10-01,2592.699951171875,1422.699951171875,7431.13427734375,2332.160400390625,1159.5,8626.5,987.7000122070312,2007.0,404.77679443359375,1867.5999755859375,1513.0,373.3162536621094,1244.699951171875,7021.5,329.0,2789.699951171875,1368.579833984375,965.25,764.0,765.9500122070312,2516.41845703125,1372.0,397.2740783691406,1424.000244140625,5606.0,1146.0999755859375,300.04998779296875,412.6600036621094,3670.300048828125,3463.39990234375,15965.0,1113.199951171875,334.8573913574219,1160.1363525390625,231.77279663085938,272.9427795410156,1368.699951171875,1798.5997314453125,644.77099609375,864.0999755859375,1625.64013671875,2851.53369140625,1144.800048828125,,167.50999450683594,1401.327392578125,3408.300048828125,4832.0,12095.0,235.0028076171875
2025-10-03,2589.89990234375,1419.0999755859375,7439.623046875,2354.1259765625,1181.0,8679.5,989.75,2000.9000244140625,410.9007263183594,1896.699951171875,1517.699951171875,368.3675231933594,1248.0999755859375,6941.0,328.45001220703125,2791.39990234375,1372.5196533203125,965.1500244140625,759.2000122070312,780.3499755859375,2525.050537109375,1365.199951171875,396.0007629394531,1424.7880859375,5657.0,1161.699951171875,301.70001220703125,420.1000061035156,3733.10009765625,3462.0,15806.0,1069.199951171875,336.57965087890625,1163.6175537109375,232.3640594482422,281.7442626953125,1363.4000244140625,1782.6219482421875,641.8884887695312,867.2999877929688,1620.67236328125,2839.498046875,1137.5,,173.2100067138672,1386.0870361328125,3453.300048828125,4815.7001953125,12019.0,234.91506958007812
2025-10-06,2573.5,1400.5,7651.84130859375,2351.130615234375,1212.800048828125,8792.0,1008.9000244140625,2033.199951171875,411.4981689453125,1903.0999755859375,1513.0999755859375,366.97418212890625,1248.5999755859375,6880.0,335.1000061035156,2807.39990234375,1396.3551025390625,973.4500122070312,763.0499877929688,776.7000122070312,2521.974853515625,1363.4000244140625,392.52362060546875,1453.744873046875,5694.5,1159.9000244140625,306.25,429.20001220703125,3737.0,3472.0,15998.0,1139.699951171875,333.7256164550781,1175.35400390625,234.4620819091797,279.0211486816406,1375.0,1768.441650390625,667.3831787109375,874.0499877929688,1644.020751953125,2924.137939453125,1142.0999755859375,,170.05999755859375,1424.3861083984375,3425.39990234375,4777.2998046875,12055.0,236.0361328125
2025-10-07,2542.199951171875,1399.5,7689.791015625,2349.1337890625,1186.800048828125,8904.0,1016.5499877929688,2032.5999755859375,408.5606689453125,1929.0,1513.300048828125,369.6647644042969,1248.5,6957.0,337.8500061035156,2808.0,1411.8189697265625,982.5,755.5999755859375,767.7999877929688,2497.566650390625,1375.9000244140625,391.5931396484375,1436.5086669921875,5664.0,1156.800048828125,309.8999938964844,425.3800048828125,3729.699951171875,3492.800048828125,16108.0,1130.699951171875,332.64306640625,1170.48046875,233.94711303710938,281.0634765625,1384.800048828125,1781.623291015625,662.7613525390625,864.7000122070312,1642.4310302734375,2909.75390625,1120.0,,171.42999267578125,1423.990234375,3418.199951171875,4686.0,12184.0,237.40089416503906
2025-10-08,2524.10009765625,1394.300048828125,7651.84130859375,2324.87158203125,1180.5999755859375,8792.0,1023.1500244140625,2013.5999755859375,401.9388732910156,1943.5,1494.5999755859375,367.1663818359375,1234.5,6902.5,341.6499938964844,2778.199951171875,1431.3206787109375,978.7000122070312,747.2999877929688,768.2000122070312,2480.60009765625,1370.300048828125,391.5441589355469,1472.4583740234375,5635.0,1145.199951171875,304.6499938964844,423.55999755859375,3729.800048828125,3426.5,16012.0,1144.4000244140625,328.5096435546875,1174.1605224609375,230.59982299804688,277.4650573730469,1367.4000244140625,1770.4388427734375,662.8607788085938,858.25,1621.06982421875,2962.103515625,1120.199951171875,,171.94000244140625,1443.090087890625,3565.60009765625,4616.60009765625,11991.0,238.1222686767578
2025-10-09,2542.39990234375,1395.5999755859375,7684.7978515625,2332.75927734375,1167.4000244140625,8810.0,1024.0999755859375,2014.5999755859375,407.6147155761719,1942.0,1513.0999755859375,368.3675231933594,1246.0999755859375,6896.5,345.5,2810.60009765625,1464.119384765625,977.0999755859375,754.3499755859375,774.0999755859375,2497.963623046875,1376.199951171875,391.6910705566406,1486.5428466796875,5724.5,1175.199951171875,307.3500061035156,428.9200134277344,3769.199951171875,3442.89990234375,15985.0,1155.800048828125,330.52716064453125,1181.42138671875,232.10658264160156,278.2917175292969,1377.800048828125,1807.2877197265625,664.9976806640625,862.0999755859375,1647.7962646484375,2995.86181640625,1118.0,,176.4199981689453,1451.403076171875,3550.60009765625,4660.89990234375,12192.0,240.1986541748047
2025-10-10,2550.89990234375,1409.4000244140625,7670.81640625,2336.553466796875,1180.4000244140625,8946.5,1023.8499755859375,2004.300048828125,411.7471008300781,1939.9000244140625,1561.800048828125,369.47259521484375,1264.4000244140625,6965.0,348.29998779296875,2811.0,1472.98388671875,980.9000244140625,747.2999877929688,773.9500122070312,2509.17529296875,1380.300048828125,394.53155517578125,1492.058349609375,5735.0,1167.800048828125,308.1499938964844,430.0199890136719,3784.0,3454.89990234375,16265.0,1156.4000244140625,334.3161315917969,1193.0584716796875,234.91981506347656,281.2093505859375,1381.699951171875,1807.8868408203125,661.0219116210938,880.6500244140625,1660.1162109375,2963.179931640625,1126.5,,173.86000061035156,1442.1004638671875,3531.89990234375,4691.10009765625,12281.0,242.44078063964844
2025-10-13,2527.39990234375,1437.800048828125,7660.82958984375,2338.849853515625,1189.5999755859375,9066.0,1036.75,2020.4000244140625,407.66448974609375,1954.9000244140625,1563.5999755859375,366.6378479003906,1262.4000244140625,6912.0,348.3500061035156,2798.0,1472.1959228515625,977.0,746.5499877929688,770.2000122070312,2473.35693359375,1379.4000244140625,391.0544128417969,1470.6854248046875,5787.5,1161.4000244140625,308.45001220703125,430.4200134277344,3769.5,3459.699951171875,16323.0,1143.300048828125,336.284423828125,1181.7197265625,232.7741241455078,278.2917175292969,1375.0,1812.780029296875,668.0789794921875,882.9500122070312,1657.63232421875,2942.533935546875,1117.0,,173.02999877929688,1435.8658447265625,3533.60009765625,4681.60009765625,12172.0,238.96063232421875
2025-10-14,2517.0,1429.0,7748.712890625,2314.488037109375,1176.800048828125,9102.5,1019.1500244140625,2019.4000244140625,400.69415283203125,1946.5999755859375,1552.300048828125,366.0613098144531,1237.300048828125,6887.0,347.75,2775.800048828125,1472.885498046875,977.1500244140625,743.5499877929688,760.0999755859375,2482.782958984375,1384.0999755859375,388.6546936035156,1467.435302734375,5759.0,1147.800048828125,305.6000061035156,430.3599853515625,3744.300048828125,3459.800048828125,16261.0,1161.5,331.314453125,1169.1873779296875,233.3463134765625,279.6046447753906,1375.9000244140625,1813.6787109375,670.364990234375,876.9500122070312,1643.7227783203125,2896.642333984375,1118.9000244140625,,170.50999450683594,1452.78857421875,3537.39990234375,4617.2001953125,12070.0,242.16781616210938
2025-10-15,2532.800048828125,1450.699951171875,7815.6240234375,2371.399169921875,1169.5999755859375,8998.0,1059.9000244140625,2084.10009765625,406.3700256347656,1968.5,1558.699951171875,369.23236083984375,1232.4000244140625,6895.0,354.3500061035156,2816.800048828125,1473.1807861328125,978.25,761.1500244140625,764.25,2499.3525390625,1398.4000244140625,391.6910705566406,1452.1690673828125,5860.5,1160.800048828125,312.6499938964844,429.9200134277344,3828.699951171875,3497.199951171875,16212.0,1155.800048828125,333.8732604980469,1214.8409423828125,236.23583984375,282.9599304199219,1374.300048828125,1838.044921875,673.0486450195312,886.0999755859375,1644.418212890625,2916.7763671875,1114.199951171875,390.8500061035156,173.24000549316406,1443.8818359375,3549.0,4724.2001953125,12311.0,243.91278076171875
2025-10-16,2557.60009765625,1479.5,7823.11376953125,2405.945068359375,1196.300048828125,9151.5,1065.75,2090.199951171875,410.0543212890625,1967.4000244140625,1569.4000244140625,372.451416015625,1240.199951171875,6988.0,347.8500061035156,2859.800048828125,1492.1903076171875,994.3499755859375,742.8499755859375,780.0999755859375,2541.52099609375,1417.300048828125,396.83331298828125,1449.312744140625,5881.0,1172.0999755859375,312.1000061035156,441.0799865722656,3861.800048828125,3560.800048828125,16298.0,1175.300048828125,336.08758544921875,1269.7445068359375,236.83665466308594,283.835205078125,1398.300048828125,1833.151611328125,668.4268188476562,886.9500122070312,1648.29296875,2917.66015625,1149.300048828125,396.79998779296875,174.0,1448.6322021484375,3640.300048828125,4793.39990234375,12358.0,247.4221649169922
2025-10-17,2549.39990234375,1479.4000244140625,7891.02392578125,2503.892333984375,1200.199951171875,9150.5,1070.0999755859375,2083.699951171875,411.0500793457031,2012.0,1577.5999755859375,373.6044921875,1255.9000244140625,7042.5,342.6499938964844,2836.199951171875,1475.5111083984375,1002.5499877929688,745.9500122070312,772.7999877929688,2583.391845703125,1436.5999755859375,403.6896057128906,1419.37109375,5848.0,1163.300048828125,309.29998779296875,441.1600036621094,3839.39990234375,3647.199951171875,16401.0,1202.699951171875,335.59552001953125,1282.5751953125,236.2072296142578,281.7928771972656,1416.800048828125,1841.5400390625,671.4086303710938,889.1500244140625,1668.2633056640625,2909.311767578125,1166.0,396.6000061035156,172.22000122070312,1432.5999755859375,3674.800048828125,4814.39990234375,12370.0,234.8370819091797
2025-10-20,2548.10009765625,1467.0,7999.3798828125,2512.079345703125,1226.0,9124.5,1081.0,2139.800048828125,414.7344055175781,2051.5,1639.0999755859375,375.33416748046875,1282.0,7013.5,338.1499938964844,2854.0,1484.64501953125,1002.9500122070312,742.25,786.3499755859375,2574.164306640625,1390.300048828125,404.5711364746094,1438.87255859375,5934.0,1145.199951171875,310.70001220703125,442.760009765625,3872.699951171875,3599.10009765625,16424.0,1209.5999755859375,336.53045654296875,1278.4971923828125,237.20855712890625,280.28546142578125,1466.800048828125,1837.1461181640625,689.7468872070312,907.5,1677.7020263671875,2961.365478515625,1176.4000244140625,399.75,171.9499969482422,1444.4000244140625,3737.199951171875,4802.2998046875,12346.0,235.1685333251953
2025-10-21,2549.89990234375,1473.5,8001.37744140625,2500.697265625,1237.300048828125,9118.0,1086.5,2169.10009765625,415.9293212890625,2043.5,1663.5999755859375,375.81463623046875,1288.699951171875,7018.5,338.1000061035156,2870.699951171875,1475.3126220703125,1007.7000122070312,743.7000122070312,784.9500122070312,2571.485595703125,1382.0,404.3752746582031,1450.19921875,5913.0,1152.5,311.79998779296875,439.3999938964844,3888.199951171875,3621.199951171875,16396.0,1204.0,336.57965087890625,1280.3870849609375,236.61729431152344,280.6744689941406,1465.199951171875,1838.4443359375,691.0390014648438,907.8499755859375,1679.5897216796875,2953.017333984375,1174.5999755859375,401.8500061035156,172.77999877929688,1448.699951171875,3729.0,4791.10009765625,12342.0,235.28550720214844
2025-10-23,2545.800048828125,1453.0999755859375,7957.93505859375,2498.50048828125,1258.800048828125,9047.0,1094.1500244140625,2176.60009765625,416.8752746582031,2007.9000244140625,1645.0999755859375,377.30401611328125,1279.4000244140625,6884.5,328.3500061035156,2864.60009765625,1512.9400634765625,1008.7999877929688,743.6500244140625,792.4000244140625,2581.308349609375,1363.699951171875,407.41162109375,1505.4532470703125,5789.0,1138.199951171875,309.04998779296875,445.1199951171875,3918.699951171875,3623.60009765625,16393.0,1211.0,337.2193603515625,1265.9649658203125,240.61305236816406,281.69561767578125,1448.4000244140625,1850.1280517578125,705.351806640625,911.5499877929688,1678.99365234375,3018.330078125,1161.0,405.8500061035156,174.16000366210938,1463.4000244140625,3772.300048828125,4783.2998046875,12145.0,238.15151977539062
2025-10-24,2504.199951171875,1429.0,7827.10888671875,2497.701904296875,1241.9000244140625,9076.5,1089.75,2159.5,420.2608642578125,2029.300048828125,1584.4000244140625,378.6493225097656,1283.5999755859375,6840.0,326.6000061035156,2841.300048828125,1512.8408203125,994.75,734.9500122070312,824.4500122070312,2496.772705078125,1377.699951171875,408.2441711425781,1502.4000244140625,5779.0,1141.4000244140625,305.95001220703125,437.3999938964844,3904.89990234375,3625.0,16274.0,1184.0999755859375,334.2177429199219,1275.115478515625,243.14019775390625,280.57720947265625,1451.5999755859375,1837.24609375,711.11669921875,904.5,1688.034912109375,3008.508544921875,1155.300048828125,403.29998779296875,174.44000244140625,1453.699951171875,3714.89990234375,4789.60009765625,11918.0,236.86473083496094
2025-10-27,2492.800048828125,1420.5999755859375,7835.09814453125,2514.875244140625,1254.0999755859375,9095.5,1084.4000244140625,2170.199951171875,413.3901062011719,2080.10009765625,1584.0,381.1957702636719,1284.300048828125,6906.5,333.70001220703125,2923.89990234375,1522.470947265625,1002.9500122070312,737.25,840.8499755859375,2492.208740234375,1377.5999755859375,412.01513671875,1504.5,5835.0,1150.5999755859375,305.54998779296875,429.7200012207031,3923.800048828125,3611.60009765625,16388.0,1186.4000244140625,336.3336181640625,1276.110107421875,241.52854919433594,283.0571594238281,1484.0999755859375,1900.4581298828125,715.2415161132812,922.75,1682.669677734375,3029.821044921875,1169.9000244140625,410.04998779296875,176.66000366210938,1462.800048828125,3739.800048828125,4798.7001953125,12015.0,237.77133178710938
2025-10-28,2494.39990234375,1417.9000244140625,7870.0517578125,2505.389892578125,1246.300048828125,9057.5,1072.75,2140.199951171875,411.7969055175781,2090.199951171875,1568.0999755859375,376.1029052734375,1289.4000244140625,7002.5,334.6000061035156,2932.89990234375,1511.1529541015625,1003.5499877929688,747.0,848.9500122070312,2477.62353515625,1363.0999755859375,409.32159423828125,1500.199951171875,5809.0,1184.199951171875,307.95001220703125,432.1600036621094,3972.800048828125,3579.10009765625,16311.0,1179.699951171875,333.77484130859375,1264.174560546875,238.92510986328125,280.3340759277344,1486.9000244140625,1934.1114501953125,719.3167114257812,930.25,1676.1123046875,3003.30322265625,1168.9000244140625,411.5,181.80999755859375,1447.4000244140625,3717.0,4725.39990234375,11931.0,236.27984619140625
2025-10-29,2537.39990234375,1454.800048828125,7848.0810546875,2534.744140625,1248.800048828125,9034.0,1062.949951171875,2137.0,405.4738464355469,2100.60009765625,1581.0999755859375,367.0702819824219,1250.9000244140625,6952.0,330.45001220703125,2958.699951171875,1546.099853515625,1007.8499755859375,761.2999877929688,856.25,2468.693603515625,1370.4000244140625,412.9456481933594,1510.4000244140625,5813.0,1207.9000244140625,309.75,430.1000061035156,3958.10009765625,3534.699951171875,16138.0,1189.5,341.99249267578125,1266.163818359375,243.78866577148438,287.2391052246094,1504.199951171875,1967.6646728515625,733.9773559570312,939.75,1704.8258056640625,3003.0087890625,1177.0999755859375,411.3500061035156,185.19000244140625,1452.199951171875,3748.300048828125,4780.60009765625,11999.0,236.18235778808594
2025-10-30,2526.89990234375,1457.9000244140625,7779.671875,2519.56787109375,1238.5999755859375,8923.0,1052.300048828125,2114.60009765625,408.1623840332031,2066.300048828125,1540.0999755859375,372.5475158691406,1202.199951171875,6889.0,329.3500061035156,2950.39990234375,1538.65380859375,998.1500244140625,746.5999755859375,861.3499755859375,2450.337890625,1362.4000244140625,410.1541442871094,1493.800048828125,5725.0,1210.0,309.79998779296875,427.44000244140625,3987.5,3502.10009765625,16206.0,1178.5,339.6797180175781,1273.0267333984375,242.73013305664062,283.49481201171875,1488.5,1965.66748046875,733.778564453125,934.3499755859375,1692.406494140625,2981.106689453125,1176.5999755859375,412.45001220703125,184.35000610351562,1433.800048828125,3750.699951171875,4744.5,12053.0,235.83140563964844
2025-10-31,2481.0,1451.5,7670.81640625,2506.8876953125,1232.800048828125,8892.5,1042.800048828125,2088.300048828125,424.293701171875,2054.5,1501.300048828125,373.46038818359375,1197.5999755859375,7007.0,317.75,2891.699951171875,1530.4134521484375,987.2999877929688,731.8499755859375,847.8499755859375,2446.269775390625,1345.300048828125,411.7213134765625,1482.300048828125,5625.0,1206.0,306.79998779296875,420.44000244140625,4030.89990234375,3487.199951171875,16186.0,1147.800048828125,331.6097412109375,1264.7713623046875,243.53118896484375,280.23681640625,1486.4000244140625,1952.985107421875,744.3640747070312,937.0,1679.788330078125,3003.4013671875,1165.0,410.0,182.83999633789062,1424.4000244140625,3746.699951171875,4694.2998046875,11947.0,234.6128692626953
2025-11-03,2467.0,1444.699951171875,7814.1259765625,2508.285400390625,1233.699951171875,8922.5,1043.0999755859375,2081.60009765625,420.5097961425781,2074.0,1511.5,373.3642578125,1196.0,7023.5,322.6000061035156,2899.89990234375,1532.3990478515625,992.6500244140625,736.0,847.2000122070312,2440.812744140625,1346.4000244140625,405.45269775390625,1485.5,5695.5,1195.0,306.79998779296875,422.70001220703125,3980.5,3548.89990234375,15651.0,1145.9000244140625,329.887451171875,1259.8975830078125,245.610107421875,280.0909118652344,1484.699951171875,1966.8658447265625,791.6260986328125,949.7000122070312,1695.3870849609375,2962.93701171875,1197.5,417.0,182.6699981689453,1419.800048828125,3724.5,4713.39990234375,11950.0,234.44715881347656
2025-11-04,2419.800048828125,1444.4000244140625,7800.14453125,2482.824951171875,1226.5999755859375,8751.0,1057.0,2073.199951171875,413.3901062011719,2113.300048828125,1503.300048828125,372.6240539550781,1200.0,6930.0,313.5,2882.0,1518.1025390625,985.25,742.4500122070312,831.4000244140625,2426.624267578125,1336.9000244140625,400.5063171386719,1467.9000244140625,5637.0,1181.4000244140625,301.8999938964844,419.32000732421875,3924.39990234375,3581.199951171875,15374.0,1138.4000244140625,325.3603515625,1258.206787109375,240.6511993408203,271.3866882324219,1473.0999755859375,1968.76318359375,791.67578125,957.5999755859375,1679.093017578125,2936.81201171875,1179.300048828125,406.5,179.2899932861328,1409.199951171875,3813.5,4660.60009765625,11819.0,231.9320831298828
2025-11-06,2314.300048828125,1436.800048828125,7771.68212890625,2598.843994140625,1228.5,8720.5,1041.9000244140625,2063.199951171875,407.0670166015625,2094.89990234375,1501.5,368.2814636230469,1205.199951171875,6806.5,305.6499938964844,2700.10009765625,1515.4219970703125,984.6500244140625,736.0499877929688,788.4000244140625,2417.0,1320.4000244140625,399.13507080078125,1466.699951171875,5693.0,1168.800048828125,298.1000061035156,416.6400146484375,3881.60009765625,3618.5,15452.0,1125.4000244140625,321.47296142578125,1259.30078125,239.84060668945312,262.77978515625,1496.0999755859375,1968.064208984375,787.7000122070312,960.75,1675.0194091796875,2957.142333984375,1190.4000244140625,407.8500061035156,177.27000427246094,1413.5999755859375,3774.39990234375,4679.2001953125,11910.0,234.00848388671875
2025-11-07,2369.39990234375,1448.300048828125,7631.86767578125,2609.72705078125,1222.800048828125,8721.5,1066.5999755859375,2102.10009765625,412.4939270019531,2001.199951171875,1505.699951171875,371.09429931640625,1205.4000244140625,6886.0,306.1000061035156,2724.60009765625,1501.522705078125,982.2999877929688,749.25,790.4000244140625,2414.0,1343.0,395.7558898925781,1476.800048828125,5583.5,1171.699951171875,299.29998779296875,417.6600036621094,3882.5,3690.199951171875,15479.0,1135.300048828125,323.6564636230469,1255.9190673828125,240.50814819335938,264.53033447265625,1478.0,1996.1251220703125,816.3499755859375,955.8499755859375,1680.48388671875,2938.383544921875,1167.199951171875,405.70001220703125,181.3699951171875,1386.699951171875,3769.300048828125,4627.2998046875,11849.0,230.5380859375
2025-11-10,2298.358154296875,1444.9000244140625,7519.51708984375,2646.27001953125,1217.0,8772.0,1085.0,2118.300048828125,415.0829162597656,2019.800048828125,1511.5,376.3744812011719,1198.699951171875,6866.5,301.45001220703125,2762.89990234375,1529.420654296875,984.5,750.7000122070312,785.2000122070312,2408.800048828125,1348.0,397.22509765625,1513.5,5588.5,1179.300048828125,301.95001220703125,418.5400085449219,3918.5,3663.89990234375,15583.0,1098.0,323.0113525390625,1256.1180419921875,239.7452392578125,265.2225646972656,1489.300048828125,1986.53857421875,821.0999755859375,951.1500244140625,1686.8426513671875,2971.18701171875,1142.699951171875,410.45001220703125,181.47999572753906,1397.800048828125,3803.0,4283.7001953125,11728.0,233.8037567138672
2025-11-11,2294.5771484375,1474.4000244140625,7491.0546875,2653.059326171875,1222.5,8895.0,1005.2000122070312,1989.4000244140625,425.4886169433594,2042.300048828125,1514.9000244140625,377.8055725097656,1211.5,6873.0,305.79998779296875,2775.800048828125,1558.70849609375,991.7000122070312,763.9000244140625,793.75,2427.5,1358.300048828125,398.4984130859375,1530.300048828125,5782.5,1191.5,304.8999938964844,417.3800048828125,3955.0,3749.10009765625,15645.0,1095.4000244140625,324.20233154296875,1261.2901611328125,237.88563537597656,264.67864990234375,1493.4000244140625,1994.5274658203125,832.2999877929688,953.2999877929688,1705.0245361328125,2992.597900390625,1156.199951171875,407.6000061035156,181.0399932861328,1408.0,3812.39990234375,4315.7998046875,11825.0,235.60720825195312
2025-11-12,2408.685546875,1506.9000244140625,7488.05859375,2765.484130859375,1221.5999755859375,8868.0,1013.2000122070312,2035.5,422.9494323730469,2073.800048828125,1519.300048828125,381.4573059082031,1229.5999755859375,6879.0,308.79998779296875,2767.39990234375,1582.535888671875,989.5,783.0999755859375,794.4000244140625,2424.5,1358.9000244140625,398.64532470703125,1551.699951171875,5795.5,1181.800048828125,309.5,416.8999938964844,3954.60009765625,3754.300048828125,15696.0,1103.5999755859375,324.6986083984375,1271.3358154296875,242.0816650390625,264.134765625,1511.5,1993.9281005859375,822.5,957.1500244140625,1720.9212646484375,3075.8837890625,1162.0,402.1499938964844,178.61000061035156,1456.0999755859375,3851.10009765625,4375.7998046875,11921.0,239.04835510253906
2025-11-13,2412.272705078125,1499.0,7430.63525390625,2874.9130859375,1225.199951171875,8867.5,1005.4000244140625,2056.199951171875,418.0203857421875,2091.800048828125,1525.800048828125,378.20037841796875,1234.9000244140625,6855.0,297.75,2777.800048828125,1587.00341796875,986.6500244140625,782.2000122070312,811.9500122070312,2407.60009765625,1385.9000244140625,397.3720397949219,1541.800048828125,5905.5,1183.9000244140625,310.70001220703125,415.0400085449219,4002.5,3699.5,15749.0,1098.0,324.5001220703125,1268.3519287109375,239.2207489013672,266.854248046875,1510.9000244140625,1985.140380859375,814.0,954.0,1726.18701171875,3050.249755859375,1154.800048828125,397.95001220703125,176.64999389648438,1451.4000244140625,3839.199951171875,4326.39990234375,11934.0,239.1555938720703
2025-11-14,2440.0,1512.699951171875,7410.66162109375,2901.87109375,1241.5999755859375,8843.0,1018.5,2065.800048828125,425.04052734375,2100.699951171875,1532.0999755859375,381.90142822265625,1246.0,6695.0,303.75,2783.39990234375,1583.1314697265625,989.5999755859375,773.7000122070312,803.6500244140625,2427.699951171875,1373.0,399.771728515625,1502.800048828125,5908.5,1167.800048828125,314.8999938964844,415.94000244140625,4004.39990234375,3698.60009765625,15684.0,1103.0999755859375,325.9888610839844,1264.7713623046875,241.9075164794922,268.2881164550781,1518.9000244140625,1998.1224365234375,809.2999877929688,967.8499755859375,1745.7598876953125,3050.54443359375,1157.800048828125,391.20001220703125,174.25999450683594,1439.199951171875,3829.199951171875,4391.2001953125,11874.0,238.21974182128906
2025-11-17,2462.0,1507.5999755859375,7477.57275390625,2883.39990234375,1249.5999755859375,8945.5,1026.800048828125,2079.60009765625,422.7502746582031,2112.199951171875,1535.5999755859375,382.7897033691406,1244.4000244140625,6799.0,309.54998779296875,2790.300048828125,1594.8466796875,996.5499877929688,770.25,807.1500244140625,2425.0,1379.0,398.7432861328125,1507.5999755859375,5873.0,1175.5,312.0,420.5799865722656,4027.699951171875,3734.89990234375,15878.0,1121.5999755859375,327.72576904296875,1263.4783935546875,242.34716796875,270.5131530761719,1518.300048828125,1993.2291259765625,817.9000244140625,973.3499755859375,1752.5159912109375,3046.812255859375,1178.9000244140625,372.70001220703125,173.1699981689453,1452.800048828125,3868.60009765625,4404.60009765625,11778.0,237.90780639648438
2025-11-18,2436.800048828125,1495.0,7375.7080078125,2906.0,1265.4000244140625,8921.0,1013.5999755859375,2050.199951171875,419.1157531738281,2149.199951171875,1514.5,378.9405822753906,1243.800048828125,6814.5,306.1499938964844,2762.0,1583.7271728515625,992.4500122070312,761.7999877929688,797.1500244140625,2404.0,1373.4000244140625,397.5189514160156,1486.4000244140625,5739.5,1163.0,305.95001220703125,418.6199951171875,3999.60009765625,3694.800048828125,15930.0,1116.699951171875,325.9888610839844,1258.30615234375,241.2724609375,271.15594482421875,1519.4000244140625,1990.532958984375,820.2000122070312,972.4500122070312,1747.448974609375,3031.98193359375,1154.0999755859375,371.29998779296875,172.4499969482422,1422.0,3879.199951171875,4374.0,11707.0,234.8370819091797
2025-11-19,2433.10009765625,1484.199951171875,7449.1103515625,2893.699951171875,1270.4000244140625,8884.5,1005.5999755859375,2050.199951171875,421.406005859375,2159.800048828125,1526.800048828125,374.1044921875,1250.199951171875,6896.5,306.6000061035156,2744.699951171875,1650.6424560546875,994.5999755859375,761.0999755859375,790.9500122070312,2441.60009765625,1383.0999755859375,395.2661437988281,1541.0999755859375,5758.5,1164.9000244140625,304.45001220703125,421.17999267578125,4019.60009765625,3722.5,15768.0,1164.4000244140625,324.1527404785156,1272.131591796875,243.27532958984375,272.09539794921875,1518.9000244140625,2002.0169677734375,818.0499877929688,982.75,1772.5855712890625,3091.499755859375,1162.0999755859375,360.8500061035156,173.2100067138672,1433.9000244140625,3933.10009765625,4358.89990234375,11666.0,239.87696838378906
2025-11-20,2446.10009765625,1491.0999755859375,7413.158203125,2859.800048828125,1285.199951171875,8979.5,1028.5999755859375,2095.60009765625,421.20684814453125,2158.300048828125,1529.199951171875,374.6966552734375,1248.5999755859375,7125.5,306.8999938964844,2748.60009765625,1633.566162109375,1008.8499755859375,762.2000122070312,799.7999877929688,2428.39990234375,1383.0,397.1271667480469,1536.5,5785.5,1170.0,308.3500061035156,419.739990234375,4037.39990234375,3716.699951171875,15801.0,1168.9000244140625,324.1527404785156,1272.3304443359375,242.34716796875,274.1226501464844,1549.0999755859375,2024.2860107421875,826.5999755859375,981.5499877929688,1765.928955078125,3088.65185546875,1173.9000244140625,359.79998779296875,172.4600067138672,1456.0,3902.39990234375,4388.89990234375,11753.0,240.0621795654297
2025-11-21,2422.300048828125,1479.800048828125,7381.20068359375,2876.60009765625,1275.800048828125,8892.0,1004.0999755859375,2052.39990234375,414.5850524902344,2162.699951171875,1511.800048828125,373.2655944824219,1243.9000244140625,7134.5,301.95001220703125,2734.800048828125,1596.4351806640625,998.0499877929688,764.0,777.7000122070312,2433.699951171875,1369.5,399.4779052734375,1545.0,5843.5,1140.300048828125,303.54998779296875,417.55999755859375,4024.89990234375,3749.60009765625,15977.0,1181.0999755859375,324.20233154296875,1273.8223876953125,241.2724609375,274.5181884765625,1546.5999755859375,2019.6923828125,823.2999877929688,972.5999755859375,1768.2139892578125,3094.34814453125,1183.0999755859375,362.25,168.0,1461.5,3904.199951171875,4359.10009765625,11729.0,238.3367462158203
2025-11-24,2399.199951171875,1485.9000244140625,7344.7490234375,2879.199951171875,1269.0,9007.5,994.0,2030.800048828125,402.0882263183594,2152.10009765625,1504.0,367.6893005371094,1226.199951171875,7258.5,301.0,2688.699951171875,1598.81787109375,999.1500244140625,761.6500244140625,774.6500244140625,2424.199951171875,1368.4000244140625,395.2661437988281,1548.0,5805.5,1106.0,299.8500061035156,417.4599914550781,4013.300048828125,3690.800048828125,15958.0,1155.800048828125,321.0263366699219,1262.3841552734375,240.1000518798828,272.7381591796875,1535.9000244140625,2012.003173828125,828.2000122070312,970.5999755859375,1769.3070068359375,3085.115966796875,1186.0,358.29998779296875,165.36000061035156,1494.699951171875,3874.300048828125,4310.89990234375,11584.0,241.04676818847656
2025-11-25,2332.89990234375,1483.9000244140625,7320.78076171875,2875.800048828125,1266.300048828125,9048.0,986.2000122070312,2030.199951171875,408.5108947753906,2161.60009765625,1507.5,365.221923828125,1236.0999755859375,7218.5,302.29998779296875,2686.800048828125,1589.584716796875,989.7999877929688,766.5499877929688,789.3499755859375,2414.10009765625,1357.800048828125,392.5726013183594,1530.5999755859375,5775.0,1112.0,300.79998779296875,413.9800109863281,3996.699951171875,3669.300048828125,15889.0,1158.0999755859375,321.27447509765625,1256.4163818359375,239.70925903320312,270.4142761230469,1539.699951171875,2028.1805419921875,838.25,983.5999755859375,1765.332763671875,3063.5087890625,1177.699951171875,352.45001220703125,166.3300018310547,1494.699951171875,3855.10009765625,4243.89990234375,11580.0,239.45779418945312
2025-11-26,2315.0,1506.199951171875,7383.1982421875,2874.0,1290.199951171875,9164.0,1010.7000122070312,2085.10009765625,413.5394592285156,2126.800048828125,1523.800048828125,372.42669677734375,1248.0,7198.5,306.8500061035156,2744.0,1606.263916015625,1003.9000244140625,787.5499877929688,800.7999877929688,2425.199951171875,1375.0,394.04180908203125,1557.9000244140625,5913.0,1154.4000244140625,308.0,420.760009765625,4062.0,3686.39990234375,16156.0,1162.5999755859375,323.6564636230469,1269.9434814453125,242.00521850585938,271.9964904785156,1569.9000244140625,2026.283203125,856.5999755859375,983.9000244140625,1793.25146484375,3106.428466796875,1185.300048828125,359.25,169.6699981689453,1520.4000244140625,3897.699951171875,4292.39990234375,11759.0,243.89328002929688
2025-11-27,2255.0,1509.0999755859375,7312.79150390625,2879.10009765625,1287.300048828125,9022.5,1033.800048828125,2103.199951171875,411.29901123046875,2115.60009765625,1525.199951171875,373.1175231933594,1249.300048828125,6999.0,302.75,2740.0,1617.2840576171875,1009.5,777.7999877929688,807.5499877929688,2451.699951171875,1392.199951171875,396.0007629394531,1566.4000244140625,5919.0,1160.5999755859375,306.45001220703125,422.0400085449219,4081.300048828125,3681.199951171875,15903.0,1161.800048828125,324.8970947265625,1259.5992431640625,238.39028930664062,270.6614990234375,1563.4000244140625,2001.7174072265625,867.6500244140625,972.8499755859375,1798.6165771484375,3080.59814453125,1177.699951171875,357.79998779296875,168.1300048828125,1509.800048828125,3903.300048828125,4266.10009765625,11617.0,243.2791290283203
2025-11-28,2280.199951171875,1516.9000244140625,7325.7744140625,2874.39990234375,1279.699951171875,9073.5,1037.5,2094.0,410.0045471191406,2101.60009765625,1531.300048828125,371.2423400878906,1258.800048828125,7053.5,300.1000061035156,2739.39990234375,1612.5185546875,1007.5999755859375,764.2999877929688,808.4000244140625,2466.60009765625,1388.800048828125,395.9517822265625,1560.0999755859375,5901.5,1160.300048828125,306.20001220703125,424.8800048828125,4069.60009765625,3757.300048828125,15900.0,1162.800048828125,324.00384521484375,1254.32763671875,237.65753173828125,266.953125,1567.5,1963.2708740234375,851.6500244140625,979.0,1819.779052734375,3081.48193359375,1172.4000244140625,356.79998779296875,167.9600067138672,1517.300048828125,3907.699951171875,4250.39990234375,11600.0,243.24989318847656
2025-12-01,2262.0,1530.5,7277.837890625,2867.60009765625,1275.699951171875,9096.0,1021.0999755859375,2081.800048828125,415.4812316894531,2089.699951171875,1523.0999755859375,374.6966552734375,1260.0999755859375,7125.5,301.5,2731.5,1631.0841064453125,1002.0999755859375,766.75,810.7999877929688,2464.5,1390.0999755859375,395.9517822265625,1564.0,5794.0,1168.4000244140625,304.75,429.5199890136719,4073.199951171875,3741.60009765625,16097.0,1125.4000244140625,324.64898681640625,1253.830322265625,239.20120239257812,266.65643310546875,1566.0999755859375,1968.863037109375,851.5499877929688,973.0999755859375,1795.7353515625,3077.455078125,1163.800048828125,363.79998779296875,168.6300048828125,1529.5,3894.89990234375,4215.89990234375,11662.0,243.98101806640625
2025-12-02,2239.60009765625,1518.0999755859375,7232.3984375,2954.39990234375,1258.0,9085.5,1025.5,2065.89990234375,411.29901123046875,2104.0,1516.5999755859375,374.0058288574219,1275.199951171875,7112.5,300.54998779296875,2735.0,1623.7373046875,989.7999877929688,759.0,806.8499755859375,2477.800048828125,1373.0,392.71954345703125,1561.0,5697.5,1162.0,304.8500061035156,428.4800109863281,4030.5,3716.5,16239.0,1117.5,326.13775634765625,1252.1395263671875,237.94085693359375,264.48089599609375,1546.300048828125,1978.749267578125,843.4000244140625,967.2999877929688,1787.88623046875,3079.714111328125,1162.199951171875,361.75,167.77999877929688,1536.699951171875,3885.800048828125,4226.5,11666.0,243.873779296875
2025-12-03,2189.800048828125,1497.699951171875,7174.47509765625,2953.5,1270.699951171875,9000.5,1021.4000244140625,2046.0,402.23760986328125,2086.0,1508.0,370.35406494140625,1280.699951171875,7081.5,297.75,2720.300048828125,1628.701416015625,1000.5,751.9500122070312,816.2999877929688,2448.0,1391.5,392.2787780761719,1578.699951171875,5595.5,1143.5999755859375,301.0,429.2200012207031,3988.0,3649.39990234375,16082.0,1086.0,320.53009033203125,1235.2308349609375,234.5017852783203,265.46978759765625,1538.800048828125,1970.0614013671875,828.0999755859375,951.0499877929688,1795.039794921875,3123.22314453125,1140.0,356.8500061035156,166.9199981689453,1541.699951171875,3817.800048828125,4188.2001953125,11591.0,248.280029296875
2025-12-04,2217.89990234375,1505.5999755859375,7191.45263671875,2957.199951171875,1280.0,9085.0,1029.0999755859375,2049.199951171875,405.4240417480469,2103.800048828125,1521.0,374.1044921875,1277.5999755859375,7100.0,295.75,2730.39990234375,1642.699951171875,997.2000122070312,760.7999877929688,810.7999877929688,2462.199951171875,1386.699951171875,394.7763977050781,1597.5999755859375,5436.5,1150.5999755859375,302.25,427.0799865722656,3983.60009765625,3671.60009765625,15994.0,1083.9000244140625,320.53009033203125,1235.7281494140625,236.6609649658203,266.1125793457031,1535.5999755859375,2000.11962890625,828.1500244140625,948.0999755859375,1806.56494140625,3171.544677734375,1148.4000244140625,356.45001220703125,166.77000427246094,1562.300048828125,3800.39990234375,4215.7998046875,11608.0,250.46363830566406
2025-12-05,2265.39990234375,1509.4000244140625,7179.9677734375,2968.5,1282.5,9109.0,1048.0,2096.5,405.1750793457031,2108.800048828125,1520.800048828125,374.9927673339844,1275.199951171875,7208.0,292.3999938964844,2747.0,1670.895751953125,1003.2999877929688,768.2999877929688,823.25,2338.60009765625,1392.5,396.6374206542969,1616.199951171875,5370.5,1162.199951171875,303.75,430.9800109863281,4038.199951171875,3717.10009765625,16282.0,1097.4000244140625,320.87744140625,1240.2039794921875,235.6839599609375,266.8047790527344,1540.5999755859375,2020.890625,854.9000244140625,971.5,1793.64892578125,3180.384033203125,1162.9000244140625,353.6000061035156,167.11000061035156,1570.800048828125,3813.300048828125,4183.10009765625,11597.0,253.36865234375
2025-12-08,2216.199951171875,1480.5,7086.591796875,2928.300048828125,1273.800048828125,9026.0,1026.4000244140625,2059.199951171875,384.7619934082031,2086.199951171875,1497.5999755859375,372.42669677734375,1266.5,7142.0,285.25,2744.199951171875,1676.4554443359375,1003.0999755859375,764.0499877929688,819.4500122070312,2314.0,1389.5999755859375,394.04180908203125,1610.800048828125,4923.5,1119.0999755859375,297.20001220703125,426.32000732421875,3996.699951171875,3681.699951171875,16187.0,1079.4000244140625,317.1059265136719,1208.2763671875,233.03627014160156,262.255859375,1543.0,2017.894775390625,834.25,956.4000244140625,1784.6075439453125,3178.71435546875,1145.800048828125,348.29998779296875,163.47000122070312,1591.800048828125,3767.0,4090.5,11540.0,254.80165100097656
2025-12-09,2245.199951171875,1497.199951171875,7081.5986328125,2796.0,1275.9000244140625,8961.0,1016.7000122070312,2069.5,387.799072265625,2089.699951171875,1490.5999755859375,374.40057373046875,1246.199951171875,7123.0,291.70001220703125,2746.0,1645.6783447265625,997.0999755859375,762.9000244140625,812.9000244140625,2306.5,1375.199951171875,392.8174743652344,1599.0,4967.5,1107.800048828125,293.20001220703125,425.5400085449219,3997.5,3635.89990234375,16020.0,1074.699951171875,317.45330810546875,1209.27099609375,234.325927734375,261.6130676269531,1529.4000244140625,2003.4149169921875,846.7000122070312,959.3499755859375,1764.5379638671875,3151.01806640625,1146.699951171875,344.70001220703125,160.6699981689453,1561.5999755859375,3849.0,4085.39990234375,11414.0,250.9315643310547
2025-12-10,2211.60009765625,1498.0999755859375,7009.1943359375,2804.5,1278.5999755859375,8991.0,1010.2999877929688,2065.800048828125,385.7079772949219,2067.0,1490.9000244140625,377.1640319824219,1250.800048828125,7228.5,283.25,2746.800048828125,1654.0179443359375,989.7999877929688,771.0499877929688,821.75,2301.699951171875,1363.5999755859375,394.8743591308594,1584.800048828125,4805.5,1096.800048828125,290.8500061035156,425.8999938964844,3991.300048828125,3630.0,16019.0,1077.0999755859375,319.190185546875,1202.805908203125,233.78855895996094,262.5525207519531,1536.9000244140625,2011.7034912109375,837.25,959.75,1773.9765625,3132.259033203125,1140.0999755859375,343.3999938964844,162.22999572753906,1550.800048828125,3845.699951171875,4018.300048828125,11317.0,251.4872283935547
2025-12-11,2277.699951171875,1504.0,7000.20654296875,2779.39990234375,1272.699951171875,9053.5,1006.4000244140625,2065.800048828125,385.8573303222656,2053.199951171875,1512.300048828125,378.98992919921875,1273.5,7256.0,290.95001220703125,2797.800048828125,1660.3719482421875,1000.2999877929688,775.2000122070312,824.3499755859375,2305.60009765625,1360.0,394.6294860839844,1598.0,4819.0,1105.4000244140625,298.45001220703125,436.0400085449219,4003.89990234375,3665.199951171875,16248.0,1087.9000244140625,320.1827087402344,1208.4752197265625,232.92880249023438,261.86029052734375,1545.0,2004.114013671875,847.1500244140625,963.25,1795.5364990234375,3134.91064453125,1142.0999755859375,346.6499938964844,166.3800048828125,1568.199951171875,3844.800048828125,4047.5,11472.0,252.72525024414062
2025-12-12,2282.39990234375,1522.800048828125,7091.5849609375,2764.800048828125,1286.0999755859375,9015.0,1017.2999877929688,2083.10009765625,387.799072265625,2083.39990234375,1517.4000244140625,378.348388671875,1279.300048828125,7229.0,298.04998779296875,2836.699951171875,1661.1661376953125,1001.5,777.5,852.0999755859375,2260.60009765625,1366.0,391.8869934082031,1598.199951171875,4860.5,1125.5,300.75,435.32000732421875,4074.10009765625,3679.60009765625,16522.0,1081.300048828125,322.61431884765625,1231.650146484375,232.5477752685547,260.6736145019531,1556.5,2023.087646484375,848.0,963.1500244140625,1781.9249267578125,3163.0,1149.300048828125,347.45001220703125,171.88999938964844,1578.4000244140625,3880.199951171875,4075.39990234375,11723.0,254.04129028320312
2025-12-15,2278.89990234375,1512.5999755859375,7077.1044921875,2780.199951171875,1284.800048828125,8940.0,1012.7000122070312,2070.5,389.09356689453125,2069.699951171875,1508.0,379.4340515136719,1280.5999755859375,7121.5,298.45001220703125,2821.0,1671.8885498046875,996.0999755859375,772.7000122070312,847.8499755859375,2293.5,1365.199951171875,394.04180908203125,1606.800048828125,4965.5,1114.800048828125,299.6000061035156,436.260009765625,4092.300048828125,3608.0,16415.0,1085.4000244140625,321.5225830078125,1236.822265625,229.9391632080078,259.2891845703125,1556.199951171875,2032.0751953125,855.3499755859375,967.25,1785.501708984375,3172.52685546875,1157.4000244140625,347.1499938964844,172.8699951171875,1575.4000244140625,3866.199951171875,4109.0,11728.0,255.15257263183594
2025-12-16,2247.89990234375,1499.0,7042.15087890625,2790.89990234375,1219.5999755859375,9008.0,998.4000244140625,2035.199951171875,386.355224609375,2102.0,1499.5999755859375,376.6212463378906,1276.9000244140625,7061.5,284.45001220703125,2799.10009765625,1639.82080078125,994.2999877929688,764.3499755859375,837.1500244140625,2281.10009765625,1366.0,393.4541320800781,1592.9000244140625,4974.0,1082.5999755859375,295.25,436.4800109863281,4063.800048828125,3621.0,16354.0,1073.0,318.5946960449219,1233.937744140625,226.87135314941406,257.459716796875,1542.300048828125,2033.173583984375,848.4000244140625,961.1500244140625,1769.8037109375,3147.875244140625,1169.9000244140625,345.45001220703125,169.8300018310547,1578.199951171875,3929.5,4108.7001953125,11528.0,252.69601440429688
2025-12-17,2232.5,1486.300048828125,6912.3232421875,2785.699951171875,1224.699951171875,8895.0,999.5999755859375,2021.199951171875,383.96539306640625,2108.0,1496.9000244140625,379.7301330566406,1272.0,7134.5,284.45001220703125,2806.60009765625,1643.09716796875,984.0,753.5,848.7999877929688,2275.60009765625,1352.4000244140625,391.5931396484375,1602.0,4980.5,1079.300048828125,293.1499938964844,434.6400146484375,4062.39990234375,3612.800048828125,16398.0,1031.0999755859375,318.8428039550781,1227.969970703125,227.5552520751953,258.2013854980469,1544.4000244140625,2007.409423828125,864.2000122070312,975.8499755859375,1781.328857421875,3160.348388671875,1179.800048828125,346.3500061035156,170.33999633789062,1579.4000244140625,3907.89990234375,4045.199951171875,11540.0,254.5677032470703
2025-12-18,2229.300048828125,1495.699951171875,6909.3271484375,2759.699951171875,1229.800048828125,8831.0,1000.2999877929688,2026.300048828125,381.82452392578125,2092.0,1498.9000244140625,380.27294921875,1280.0,7106.5,284.75,2807.60009765625,1649.4510498046875,979.7000122070312,757.0,856.7000122070312,2265.5,1356.800048828125,392.1808166503906,1626.800048828125,5115.5,1082.199951171875,292.29998779296875,432.9200134277344,4031.10009765625,3586.60009765625,16329.0,1048.5,316.1134033203125,1226.8759765625,226.66616821289062,255.0863494873047,1544.4000244140625,2011.6036376953125,869.4500122070312,977.5499877929688,1734.6322021484375,3222.2236328125,1171.5,345.79998779296875,168.1199951171875,1605.5999755859375,3919.300048828125,4030.0,11461.0,257.2095031738281
2025-12-19,2239.0,1496.4000244140625,7003.20263671875,2799.89990234375,1230.5999755859375,9002.0,1008.2999877929688,2043.800048828125,391.1846618652344,2097.699951171875,1517.0999755859375,380.56903076171875,1278.199951171875,7217.0,286.04998779296875,2812.5,1630.5877685546875,985.5,766.4500122070312,852.0,2280.0,1354.0999755859375,392.8174743652344,1638.699951171875,5153.5,1079.5999755859375,296.95001220703125,431.8999938964844,4073.5,3603.60009765625,16414.0,1075.800048828125,317.5029296875,1237.7174072265625,227.53570556640625,260.5252990722656,1565.0999755859375,2025.584228515625,901.7000122070312,980.2999877929688,1733.638671875,3223.402099609375,1184.0,352.6499938964844,168.69000244140625,1612.5,3930.10009765625,4062.199951171875,11496.0,257.7944030761719
2025-12-22,2263.5,1508.699951171875,7044.6474609375,2807.60009765625,1233.199951171875,9164.0,1007.7999877929688,2049.800048828125,397.2588195800781,2147.60009765625,1512.9000244140625,381.2105712890625,1283.4000244140625,7291.5,286.70001220703125,2809.699951171875,1658.287109375,987.7000122070312,761.7999877929688,864.5499877929688,2289.5,1368.5,394.4336242675781,1689.5999755859375,5145.5,1094.9000244140625,298.75,429.94000244140625,4072.39990234375,3616.699951171875,16649.0,1077.5999755859375,318.29693603515625,1250.4486083984375,228.79605102539062,262.0580749511719,1575.4000244140625,2019.49267578125,934.8499755859375,974.2999877929688,1758.3779296875,3265.5361328125,1178.800048828125,359.1499938964844,169.22000122070312,1646.699951171875,3933.800048828125,4206.7998046875,11532.0,265.8075256347656
2025-12-23,2248.800048828125,1493.5999755859375,7064.12158203125,2807.800048828125,1225.0,9099.0,1011.4000244140625,2047.5999755859375,397.7068786621094,2122.89990234375,1500.699951171875,395.1759338378906,1283.5,7303.0,284.3500061035156,2829.800048828125,1667.818115234375,996.5999755859375,763.9500122070312,863.8499755859375,2302.60009765625,1363.0,398.9881591796875,1668.300048828125,5157.0,1096.800048828125,298.70001220703125,432.5400085449219,4058.800048828125,3625.10009765625,16585.0,1075.199951171875,320.82781982421875,1249.75244140625,230.07594299316406,264.0358581542969,1570.699951171875,2021.9892578125,957.7999877929688,971.9000244140625,1744.567626953125,3250.902099609375,1185.5999755859375,363.25,170.89999389648438,1633.0,3925.800048828125,4189.39990234375,11678.0,264.5694580078125
2025-12-24,2222.699951171875,1494.300048828125,7162.4912109375,2785.5,1226.300048828125,9170.0,1011.7000122070312,2035.699951171875,398.3043518066406,2123.699951171875,1496.300048828125,397.1004943847656,1265.800048828125,7312.5,284.8500061035156,2826.89990234375,1662.6553955078125,997.2000122070312,755.3499755859375,864.4500122070312,2282.199951171875,1359.800048828125,398.2535705566406,1663.4000244140625,5081.5,1091.300048828125,298.8999938964844,432.739990234375,4053.60009765625,3636.699951171875,16703.0,1081.4000244140625,320.133056640625,1252.9351806640625,228.39547729492188,265.0741882324219,1558.199951171875,2022.58837890625,973.7000122070312,968.9500122070312,1725.7896728515625,3259.741455078125,1179.199951171875,359.20001220703125,170.07000732421875,1631.5,3909.300048828125,4289.60009765625,11764.0,261.31353759765625
2025-12-26,2229.89990234375,1487.0999755859375,7146.51220703125,2746.5,1228.199951171875,9064.5,1000.0,2017.5999755859375,396.76092529296875,2105.39990234375,1506.0,396.9031066894531,1269.300048828125,7324.0,281.75,2817.699951171875,1648.9547119140625,992.0999755859375,748.4500122070312,872.9000244140625,2285.39990234375,1350.4000244140625,395.8538513183594,1656.0999755859375,5074.0,1094.4000244140625,296.95001220703125,432.8399963378906,4047.300048828125,3623.10009765625,16596.0,1074.300048828125,321.67144775390625,1265.7659912109375,229.13800048828125,262.5030822753906,1559.199951171875,2016.297119140625,960.25,966.2999877929688,1708.402587890625,3221.437744140625,1175.699951171875,358.79998779296875,169.1199951171875,1612.300048828125,3992.0,4285.2998046875,11794.0,259.5978088378906
2025-12-29,2203.199951171875,1454.4000244140625,7075.10693359375,2775.39990234375,1232.0,9087.0,998.0,2012.0999755859375,391.58294677734375,2081.60009765625,1494.0,395.42266845703125,1268.5999755859375,7272.0,282.8500061035156,2842.39990234375,1619.0711669921875,991.7000122070312,746.4500122070312,865.0,2293.300048828125,1343.300048828125,394.3356628417969,1644.699951171875,5085.5,1092.5999755859375,293.95001220703125,431.7200012207031,4038.699951171875,3592.10009765625,16542.0,1064.0999755859375,323.06097412109375,1273.126220703125,229.4213409423828,257.7069396972656,1545.5999755859375,2007.010009765625,955.5,965.0499877929688,1706.1173095703125,3193.446533203125,1195.199951171875,358.6000061035156,172.3000030517578,1612.4000244140625,3983.699951171875,4226.0,11799.0,257.58966064453125
2025-12-30,2214.699951171875,1461.199951171875,6980.732421875,2758.300048828125,1246.0,9282.0,989.2999877929688,2026.4000244140625,391.6327209472656,2099.800048828125,1492.5,392.8072509765625,1265.800048828125,7192.5,277.1000061035156,2841.699951171875,1603.583251953125,990.9000244140625,743.0,884.1500244140625,2290.199951171875,1342.5,392.376708984375,1621.5999755859375,5018.0,1111.5999755859375,292.5,430.5400085449219,4052.0,3660.300048828125,16647.0,1040.800048828125,322.4654541015625,1267.2579345703125,229.2845458984375,257.459716796875,1539.800048828125,1992.7298583984375,979.4000244140625,973.4500122070312,1709.0980224609375,3188.83056640625,1179.0,361.75,175.8000030517578,1604.5999755859375,3974.10009765625,4207.7001953125,11705.0,257.0145263671875
2025-12-31,2239.699951171875,1469.800048828125,7033.16259765625,2769.5,1269.4000244140625,9343.0,986.7999877929688,2039.9000244140625,397.9060363769531,2105.60009765625,1511.300048828125,393.7942199707031,1271.4000244140625,7312.5,278.04998779296875,2829.0,1611.6251220703125,991.2000122070312,749.8499755859375,886.7000122070312,2315.89990234375,1342.9000244140625,394.7274475097656,1615.4000244140625,5059.5,1164.800048828125,294.95001220703125,440.2200012207031,4083.5,3709.199951171875,16697.0,1045.0999755859375,327.0805969238281,1281.083251953125,234.853515625,261.66253662109375,1570.4000244140625,2032.0751953125,996.2000122070312,982.2000122070312,1708.6011962890625,3148.955322265625,1192.0,367.3500061035156,180.0800018310547,1590.9000244140625,4051.5,4279.0,11784.0,256.6538391113281
2026-01-01,2260.0,1481.0999755859375,7102.0712890625,2752.0,1274.4000244140625,9558.0,973.0999755859375,2037.0,396.01409912109375,2110.39990234375,1500.9000244140625,395.2253112792969,1253.4000244140625,7348.0,283.79998779296875,2851.699951171875,1622.7445068359375,991.1500244140625,750.0999755859375,894.9500122070312,2323.0,1338.0,356.381103515625,1629.800048828125,5110.5,1171.5,295.70001220703125,443.55999755859375,4140.39990234375,3761.0,16708.0,1049.4000244140625,333.780029296875,1288.045654296875,232.4696044921875,263.83807373046875,1575.5999755859375,2037.5675048828125,1019.7000122070312,984.75,1709.9921875,3169.77685546875,1176.9000244140625,367.54998779296875,181.88999938964844,1607.699951171875,4049.300048828125,4297.39990234375,11901.0,260.62139892578125
2026-01-02,2279.800048828125,1489.5,7120.04736328125,2772.60009765625,1266.9000244140625,9502.5,990.4500122070312,2038.4000244140625,401.44097900390625,2106.300048828125,1511.5999755859375,422.317138671875,1256.0999755859375,7334.5,284.1499938964844,2856.39990234375,1628.403564453125,1001.5999755859375,754.8499755859375,925.7000122070312,2348.0,1355.4000244140625,342.8643493652344,1640.4000244140625,5106.0,1180.699951171875,301.70001220703125,439.0199890136719,4163.39990234375,3802.39990234375,16960.0,1062.5999755859375,349.4616394042969,1272.8277587890625,235.90869140625,267.9420471191406,1592.300048828125,2064.530029296875,1010.3499755859375,998.9500122070312,1716.84765625,3192.660888671875,1170.699951171875,370.3500061035156,182.8800048828125,1612.0,4051.699951171875,4409.60009765625,11899.0,262.2298583984375
2026-01-05,2279.5,1493.0,7073.60888671875,2815.60009765625,1285.800048828125,9497.5,978.75,2039.199951171875,412.04583740234375,2105.0,1519.800048828125,421.8730163574219,1250.0,7482.5,281.79998779296875,2848.89990234375,1596.0379638671875,977.5,759.2999877929688,931.7000122070312,2384.10009765625,1371.5,342.5215759277344,1606.4000244140625,5102.5,1185.9000244140625,300.3999938964844,438.17999267578125,4150.39990234375,3790.300048828125,17155.0,1050.5,347.972900390625,1307.5404052734375,232.61614990234375,268.6342468261719,1578.0999755859375,2072.71875,1003.3499755859375,1005.5499877929688,1717.741943359375,3158.6787109375,1182.0999755859375,373.54998779296875,185.72000122070312,1596.9000244140625,4079.699951171875,4429.7998046875,12087.0,256.6733093261719
2026-01-06,2259.10009765625,1473.199951171875,7338.2578125,2845.800048828125,1293.800048828125,9661.0,977.3499755859375,2044.5999755859375,411.34881591796875,2105.300048828125,1530.800048828125,421.47821044921875,1256.199951171875,7522.5,279.04998779296875,2865.300048828125,1604.675537109375,962.2000122070312,777.8499755859375,942.25,2424.699951171875,1411.199951171875,335.42041015625,1612.199951171875,5002.5,1176.300048828125,298.54998779296875,429.2799987792969,4140.60009765625,3785.60009765625,17292.0,1051.5999755859375,348.17138671875,1312.81201171875,236.32879638671875,265.56866455078125,1507.5999755859375,2092.890625,1002.6500244140625,1018.9000244140625,1748.83984375,3197.669921875,1210.4000244140625,368.8999938964844,186.1999969482422,1601.800048828125,4111.7998046875,4047.60009765625,12204.0,258.9154357910156
2026-01-07,2274.10009765625,1465.300048828125,7437.6259765625,2809.39990234375,1295.5,9789.5,968.7999877929688,2031.9000244140625,413.88800048828125,2084.199951171875,1467.9000244140625,426.0182189941406,1242.800048828125,7582.5,280.95001220703125,2837.10009765625,1635.849609375,949.0499877929688,772.3499755859375,938.4500122070312,2399.39990234375,1427.699951171875,334.2450256347656,1639.0,4951.0,1189.800048828125,303.5,428.79998779296875,4157.0,3748.800048828125,16809.0,1034.699951171875,346.2359924316406,1307.7393798828125,233.56385803222656,261.1680603027344,1504.199951171875,2067.92529296875,995.8499755859375,1007.1500244140625,1771.0953369140625,3236.75927734375,1212.5999755859375,363.3500061035156,183.8000030517578,1625.199951171875,4273.2001953125,4060.5,12184.0,263.98455810546875
2026-01-08,2214.0,1465.199951171875,7354.73583984375,2786.5,1286.800048828125,9760.5,971.9500122070312,2008.9000244140625,413.88800048828125,2066.300048828125,1460.5999755859375,419.70172119140625,1206.9000244140625,7551.0,283.54998779296875,2792.0,1634.8568115234375,946.7000122070312,758.1500244140625,903.9500122070312,2386.699951171875,1435.0,333.9021911621094,1613.300048828125,4906.5,1155.9000244140625,293.54998779296875,426.6000061035156,4028.39990234375,3724.0,16664.0,1029.800048828125,341.8193359375,1299.8818359375,226.09950256347656,256.4213562011719,1470.5999755859375,2080.008544921875,992.9000244140625,998.0,1749.336669921875,3146.6962890625,1197.4000244140625,359.45001220703125,180.1199951171875,1577.9000244140625,4249.0,3990.39990234375,12064.0,255.6010284423828
2026-01-09,2153.699951171875,1435.9000244140625,7246.87890625,2825.5,1272.0,9562.5,959.5999755859375,1992.4000244140625,416.8752746582031,2027.0999755859375,1465.699951171875,412.8917541503906,1210.0999755859375,7507.0,284.3500061035156,2776.89990234375,1649.4510498046875,939.0,749.9000244140625,900.9500122070312,2372.60009765625,1404.300048828125,330.22918701171875,1614.0999755859375,4844.0,1158.800048828125,287.25,425.3599853515625,4025.199951171875,3677.300048828125,16501.0,1017.2000122070312,333.4822998046875,1292.1236572265625,228.70811462402344,255.1357879638672,1475.300048828125,2067.12646484375,975.4000244140625,1000.5,1718.7354736328125,3150.52685546875,1175.9000244140625,354.1499938964844,178.39999389648438,1582.199951171875,4201.7998046875,3972.89990234375,11937.0,255.35731506347656
2026-01-12,2171.60009765625,1443.5,7258.86328125,2896.39990234375,1274.199951171875,9491.0,951.9000244140625,1998.9000244140625,415.9293212890625,2044.0,1465.199951171875,426.65972900390625,1215.5,7436.0,285.25,2806.699951171875,1655.6064453125,936.9500122070312,754.6500244140625,920.1500244140625,2406.199951171875,1413.0999755859375,331.4535217285156,1595.9000244140625,4850.0,1182.699951171875,288.25,426.6600036621094,4019.0,3682.0,16582.0,1013.7000122070312,334.9214172363281,1305.352294921875,230.29087829589844,255.67967224121094,1483.199951171875,2095.087646484375,972.7999877929688,1015.1500244140625,1724.7960205078125,3181.75927734375,1192.300048828125,350.54998779296875,183.24000549316406,1586.0999755859375,4231.60009765625,4056.39990234375,12098.0,256.4783630371094
2026-01-13,2158.5,1428.5999755859375,7301.80615234375,2886.300048828125,1262.0,9554.0,949.0,2011.199951171875,411.9462890625,2026.9000244140625,1448.300048828125,423.3041076660156,1191.300048828125,7404.0,294.54998779296875,2774.199951171875,1653.025146484375,937.3499755859375,748.5,936.2999877929688,2389.5,1437.0,327.8294982910156,1599.0,4759.5,1178.0999755859375,284.6000061035156,426.5199890136719,3887.39990234375,3661.5,16426.0,1028.199951171875,335.3680419921875,1311.618408203125,238.1753387451172,255.92689514160156,1452.800048828125,2079.509033203125,979.0499877929688,1028.449951171875,1717.5430908203125,3209.652099609375,1189.4000244140625,349.75,182.57000732421875,1614.800048828125,4239.2001953125,3921.89990234375,12044.0,257.5506896972656
2026-01-14,2153.300048828125,1430.0,7262.85791015625,2813.89990234375,1298.800048828125,9579.5,945.9500122070312,2000.9000244140625,415.8297424316406,2022.5,1434.5,426.5610656738281,1186.5,7358.0,299.25,2795.800048828125,1656.5,925.4500122070312,743.2000122070312,955.3499755859375,2353.5,1418.4000244140625,327.8784484863281,1599.800048828125,4733.0,1181.800048828125,287.0,421.0,3865.800048828125,3649.5,16152.0,1033.5999755859375,346.484130859375,1300.0806884765625,242.5230255126953,255.48190307617188,1458.800048828125,2065.92822265625,981.0999755859375,1028.3499755859375,1689.723876953125,3135.5,1171.4000244140625,349.79998779296875,189.25,1588.5,4221.5,3932.199951171875,12255.0,253.6513671875
2026-01-15,2153.300048828125,1430.0,7262.85791015625,2813.89990234375,1298.800048828125,9579.5,945.9500122070312,2000.9000244140625,415.8297424316406,2022.5,1434.5,426.5610656738281,1186.5,7358.0,,2795.800048828125,1656.5,925.4500122070312,743.2000122070312,955.3499755859375,2353.5,1418.4000244140625,327.8784484863281,1599.800048828125,4733.0,1181.800048828125,,421.0,3865.800048828125,3649.5,16152.0,1033.5999755859375,346.484130859375,1300.0806884765625,242.5230255126953,255.48190307617188,1458.800048828125,2065.92822265625,981.0999755859375,1028.3499755859375,1689.723876953125,3135.5,1171.4000244140625,,189.25,1588.5,4221.5,3932.199951171875,12255.0,253.6513671875
2026-01-16,2157.300048828125,1421.9000244140625,7225.90673828125,2756.89990234375,1294.199951171875,9489.0,950.25,2002.5,408.5108947753906,2016.4000244140625,1397.5,425.376708984375,1175.5,7315.0,287.70001220703125,2809.60009765625,1698.0,931.0999755859375,732.5499877929688,934.6500244140625,2360.39990234375,1410.800048828125,322.4423828125,1689.800048828125,4740.0,1187.300048828125,278.79998779296875,418.20001220703125,3856.39990234375,3658.199951171875,15859.0,1037.0,343.7547302246094,1308.83349609375,241.48739624023438,254.44354248046875,1457.9000244140625,2078.111083984375,995.4500122070312,1042.300048828125,1658.129150390625,3206.699951171875,1189.0999755859375,353.6000061035156,188.2100067138672,1670.5,4196.89990234375,3899.699951171875,12378.0,260.7189025878906
2026-01-19,2134.60009765625,1403.0,7123.54296875,2754.0,1307.5,9429.5,969.4500122070312,2017.800048828125,411.0500793457031,2010.0,1392.300048828125,424.53778076171875,1167.199951171875,7323.5,281.3500061035156,2780.0,1716.800048828125,927.9000244140625,736.7999877929688,939.9500122070312,2413.89990234375,1380.5999755859375,326.3602600097656,1681.199951171875,4941.5,1184.0999755859375,275.6499938964844,426.8999938964844,3869.800048828125,3657.39990234375,16176.0,1013.5999755859375,340.7772216796875,1308.5350341796875,237.520751953125,254.7896728515625,1413.5999755859375,2070.8212890625,1010.3499755859375,1038.4000244140625,1664.587158203125,3163.60009765625,1180.199951171875,344.0,188.27000427246094,1718.300048828125,4144.10009765625,3945.60009765625,12297.0,239.75997924804688
2026-01-20,2055.10009765625,1367.5999755859375,6903.3349609375,2675.60009765625,1293.5,9180.0,933.2000122070312,1958.699951171875,407.6147155761719,1996.0,1378.4000244140625,409.88153076171875,1166.699951171875,7173.5,269.6000061035156,2713.60009765625,1687.300048828125,931.2000122070312,732.0999755859375,928.0999755859375,2379.10009765625,1375.800048828125,319.6018981933594,1658.9000244140625,4790.0,1160.0,265.5,423.79998779296875,3810.5,3557.5,15879.0,992.9000244140625,336.211669921875,1288.7418212890625,234.86328125,251.22964477539062,1394.0,2046.2554931640625,987.5,1036.4000244140625,1603.384765625,3102.300048828125,1185.0,337.8500061035156,183.55999755859375,1678.5,4075.5,3836.10009765625,12059.0,233.86224365234375
2026-01-21,2032.199951171875,1378.5999755859375,6817.44921875,2661.10009765625,1284.9000244140625,9179.0,936.25,1959.9000244140625,400.943115234375,1996.0999755859375,1369.5999755859375,408.6478271484375,1157.199951171875,7140.0,283.5,2735.60009765625,1682.5,920.3499755859375,724.3499755859375,939.2000122070312,2368.0,1349.0,318.0837097167969,1654.4000244140625,4857.5,1174.5999755859375,263.25,421.6000061035156,3766.5,3553.300048828125,15770.0,1004.2000122070312,336.1620788574219,1276.3089599609375,236.79776000976562,252.96022033691406,1404.5999755859375,2052.546630859375,986.0,1028.6500244140625,1602.4906005859375,3122.60009765625,1163.5999755859375,339.25,184.41000366210938,1686.699951171875,4079.199951171875,3764.39990234375,12231.0,233.5210723876953
2026-01-22,2086.39990234375,1414.199951171875,6787.98828125,2703.800048828125,1294.800048828125,9370.0,942.8499755859375,1993.0999755859375,415.531005859375,2002.199951171875,1370.4000244140625,417.678466796875,1217.5,7049.0,275.8999938964844,2787.60009765625,1703.0999755859375,918.7000122070312,725.0999755859375,944.4500122070312,2390.60009765625,1345.5,318.1816711425781,1663.5,4909.0,1184.4000244140625,262.6000061035156,426.0,3793.800048828125,3573.699951171875,15765.0,998.7999877929688,339.88397216796875,1298.986572265625,238.40005493164062,256.3719177246094,1402.5,2019.193115234375,1005.5,1048.3499755859375,1623.653076171875,3150.39990234375,1175.199951171875,347.29998779296875,189.10000610351562,1687.4000244140625,4018.60009765625,3803.800048828125,12364.0,234.59336853027344
2026-01-23,1864.199951171875,1308.4000244140625,6793.98046875,2703.699951171875,1258.0,9413.5,927.8499755859375,1949.0,408.958984375,1984.699951171875,1315.0,412.94110107421875,1235.5999755859375,6973.0,258.70001220703125,2759.0,1707.0,916.0999755859375,712.0999755859375,950.2999877929688,2409.5,1343.4000244140625,316.76141357421875,1670.800048828125,4704.5,1170.0,252.89999389648438,422.79998779296875,3743.800048828125,3543.39990234375,15469.0,991.4000244140625,334.17706298828125,1286.8521728515625,239.8264923095703,251.32852172851562,1386.0999755859375,1999.8199462890625,1003.5499877929688,1029.5,1621.367919921875,3162.5,1153.5,344.45001220703125,187.61000061035156,1701.0999755859375,4021.800048828125,3755.89990234375,12369.0,232.39999389648438
2026-01-27,1959.5,1363.9000244140625,6784.49267578125,2622.800048828125,1315.800048828125,9492.0,914.7000122070312,1917.699951171875,414.1867370605469,1973.4000244140625,1313.0,417.38238525390625,1239.800048828125,7164.5,253.85000610351562,2856.199951171875,1720.199951171875,926.4000244140625,720.0499877929688,961.8499755859375,2400.89990234375,1361.4000244140625,312.1089172363281,1682.699951171875,4769.0,1222.0,256.04998779296875,408.70001220703125,3787.800048828125,3393.5,15245.0,975.5,342.1170959472656,1296.3011474609375,242.2494659423828,251.52630615234375,1380.5,2035.3704833984375,1001.0499877929688,1053.1500244140625,1628.32275390625,3158.0,1187.4000244140625,340.54998779296875,192.27999877929688,1745.0999755859375,3997.0,3795.10009765625,12589.0,234.8000030517578
2026-01-28,1994.699951171875,1381.9000244140625,6868.38134765625,2511.800048828125,1319.800048828125,9433.5,935.1500244140625,1940.300048828125,451.0796813964844,1957.699951171875,1328.4000244140625,438.25640869140625,1222.5,7071.0,266.29998779296875,2839.10009765625,1729.5999755859375,932.7000122070312,728.5999755859375,998.2000122070312,2378.39990234375,1367.699951171875,314.5576171875,1666.5,4749.0,1218.699951171875,255.1999969482422,412.3999938964844,3794.0,3449.199951171875,14877.0,958.5999755859375,345.4419860839844,1285.4595947265625,262.4051513671875,256.9158020019531,1396.699951171875,2050.349609375,1018.7999877929688,1063.5,1600.205322265625,3200.10009765625,1131.800048828125,340.45001220703125,193.85000610351562,1762.9000244140625,3975.199951171875,3864.0,12767.0,237.35000610351562
2026-01-29,2019.199951171875,1417.800048828125,6791.98291015625,2416.0,1363.699951171875,9512.0,935.1500244140625,1948.0999755859375,442.6156921386719,1967.9000244140625,1320.9000244140625,449.80377197265625,1208.9000244140625,7056.5,275.3500061035156,2831.699951171875,1721.5999755859375,935.5,727.0999755859375,1024.050048828125,2352.60009765625,1383.5999755859375,312.0599670410156,1659.5,4621.0,1237.5,254.5,412.3999938964844,3932.89990234375,3384.39990234375,14502.0,952.5999755859375,355.46630859375,1280.9837646484375,269.0586242675781,257.6080322265625,1391.0,1993.52880859375,1022.7999877929688,1066.199951171875,1579.04296875,3144.39990234375,1107.199951171875,351.79998779296875,202.32000732421875,1768.4000244140625,3939.699951171875,3823.800048828125,12717.0,239.8000030517578
2026-01-30,2020.4000244140625,1419.800048828125,6951.271484375,2428.300048828125,1370.4000244140625,9597.5,929.8499755859375,1952.5999755859375,447.09661865234375,1968.699951171875,1324.0,434.9994812011719,1218.0999755859375,7122.5,273.6000061035156,2819.0,1695.5999755859375,929.25,731.0,962.5999755859375,2373.0,1355.0,315.5370788574219,1641.0,4596.5,1214.4000244140625,254.5,408.0,3932.300048828125,3431.800048828125,14599.0,956.7999877929688,353.3324279785156,1325.244873046875,262.77642822265625,253.65243530273438,1395.4000244140625,1995.7257080078125,1020.0,1077.1500244140625,1585.004150390625,3123.89990234375,1133.9000244140625,350.04998779296875,193.1300048828125,1743.0999755859375,3977.39990234375,3785.5,12694.0,236.89999389648438
2026-02-02,1995.4000244140625,1403.0999755859375,6924.30712890625,2402.0,1311.5,9496.5,903.7000122070312,1930.0999755859375,437.23858642578125,1965.4000244140625,1311.5999755859375,417.97454833984375,1182.5,6985.5,272.6499938964844,2774.60009765625,1676.800048828125,928.0999755859375,717.5,930.5,2357.300048828125,1352.800048828125,308.2400207519531,1629.4000244140625,4687.0,1199.199951171875,244.10000610351562,408.20001220703125,3921.300048828125,3463.199951171875,14384.0,958.0999755859375,347.7247619628906,1301.2742919921875,248.1115264892578,267.39813232421875,1390.4000244140625,1998.22216796875,962.0999755859375,1028.699951171875,1617.393798828125,3169.60009765625,1125.4000244140625,362.8999938964844,188.50999450683594,1724.0,3953.199951171875,3720.89990234375,12535.0,242.3000030517578
2026-02-03,2202.60009765625,1530.800048828125,7079.1015625,2426.0,1356.199951171875,9595.5,964.4000244140625,2012.699951171875,437.0892333984375,1997.300048828125,1322.800048828125,423.7975769042969,1235.4000244140625,7215.0,279.79998779296875,2808.89990234375,1695.300048828125,948.7000122070312,720.1500244140625,955.2999877929688,2368.60009765625,1389.699951171875,310.1499938964844,1656.0,4946.2001953125,1229.4000244140625,263.8999938964844,415.79998779296875,4038.800048828125,3527.89990234375,14782.0,1003.5,355.8633117675781,1300.975830078125,251.09140014648438,280.0560302734375,1437.0999755859375,1999.3206787109375,1000.4000244140625,1064.199951171875,1691.1148681640625,3225.300048828125,1155.4000244140625,372.04998779296875,192.92999267578125,1716.5,4068.60009765625,3822.800048828125,12590.0,242.69000244140625
2026-02-04,2228.199951171875,1567.9000244140625,7106.5654296875,2452.699951171875,1338.699951171875,9639.0,963.2999877929688,2019.5999755859375,437.33819580078125,2025.800048828125,1326.699951171875,429.2257995605469,1240.199951171875,7277.5,294.1499938964844,2844.89990234375,1621.800048828125,953.0999755859375,722.5,964.9500122070312,2371.0,1408.4000244140625,313.8500061035156,1535.800048828125,4960.7001953125,1228.199951171875,268.0,412.3500061035156,4087.10009765625,3574.0,15071.0,1025.449951171875,364.49810791015625,1296.2015380859375,260.8126525878906,286.18719482421875,1456.800048828125,2038.86572265625,998.7999877929688,1068.199951171875,1693.4000244140625,2999.10009765625,1153.0,375.45001220703125,195.39999389648438,1645.300048828125,4144.0,4012.60009765625,12806.0,233.33999633789062
2026-02-05,2236.60009765625,1570.199951171875,7112.55712890625,2432.10009765625,1330.5999755859375,9647.0,964.75,2000.0999755859375,431.06488037109375,1992.4000244140625,1333.300048828125,426.2156066894531,1244.9000244140625,7209.5,286.8500061035156,2863.89990234375,1610.0,949.7000122070312,720.7000122070312,935.4500122070312,2354.39990234375,1396.5,310.20001220703125,1520.199951171875,4932.2001953125,1239.800048828125,269.95001220703125,408.75,4063.300048828125,3572.0,15059.0,1040.800048828125,364.25,1296.5,263.01092529296875,286.13775634765625,1443.4000244140625,2014.9989013671875,992.0,1073.5,1702.5999755859375,2991.5,1155.9000244140625,374.1499938964844,197.75999450683594,1646.199951171875,4097.60009765625,4131.2998046875,12773.0,233.38999938964844
2026-02-06,2226.39990234375,1550.699951171875,7143.01708984375,2401.10009765625,1341.5999755859375,9518.5,981.7000122070312,2024.199951171875,427.8286437988281,2038.4000244140625,1330.0,427.1531982421875,1241.199951171875,7177.5,283.54998779296875,2836.89990234375,1593.699951171875,941.0999755859375,703.5,942.5499877929688,2424.199951171875,1406.0999755859375,325.79998779296875,1507.0999755859375,4909.39990234375,1236.199951171875,268.1000061035156,422.3500061035156,4068.10009765625,3578.0,14997.0,1039.8499755859375,365.04998779296875,1303.300048828125,262.7666931152344,289.5,1450.800048828125,1993.9281005859375,1002.5,1066.4000244140625,1695.0999755859375,2941.60009765625,1159.300048828125,369.5,197.05999755859375,1619.9000244140625,4141.0,4113.7998046875,12722.0,230.72000122070312
2026-02-09,2250.10009765625,1561.699951171875,7201.439453125,2417.39990234375,1341.4000244140625,9590.0,983.1500244140625,2024.5999755859375,435.4461975097656,2038.199951171875,1342.5,426.06756591796875,1275.5,7195.5,288.8500061035156,2926.300048828125,1602.0,937.25,707.9000244140625,964.25,2435.0,1396.300048828125,322.79998779296875,1497.199951171875,4964.10009765625,1245.0,269.25,428.79998779296875,4113.60009765625,3609.60009765625,14978.0,1010.0,361.8999938964844,1295.5999755859375,260.470703125,289.75,1461.5999755859375,2021.1903076171875,1062.699951171875,1146.0,1704.5999755859375,2948.199951171875,1167.199951171875,377.3999938964844,202.0,1621.699951171875,4257.7998046875,4171.2001953125,13048.0,230.0800018310547
2026-02-10,2228.39990234375,1554.699951171875,7209.4287109375,2393.60009765625,1356.699951171875,9774.0,965.5999755859375,2027.9000244140625,435.4461975097656,2011.300048828125,1342.0999755859375,425.3273620605469,1256.0,7296.0,303.79998779296875,2953.89990234375,1573.0999755859375,932.4000244140625,703.9500122070312,968.9000244140625,2453.60009765625,1406.5,321.3999938964844,1497.800048828125,4960.39990234375,1244.0999755859375,270.20001220703125,429.29998779296875,4169.0,3675.800048828125,15146.0,1021.5,366.8999938964844,1308.5999755859375,265.8930969238281,294.3500061035156,1458.5,2015.498291015625,1048.5999755859375,1144.0999755859375,1707.800048828125,2984.60009765625,1152.199951171875,379.3500061035156,208.00999450683594,1644.5999755859375,4269.10009765625,4184.39990234375,13023.0,231.47000122070312
2026-02-11,2234.39990234375,1553.4000244140625,7497.046875,2392.5,1347.300048828125,9869.5,968.9500122070312,2027.0,435.6951599121094,2012.0999755859375,1349.9000244140625,417.7278137207031,1270.300048828125,7771.0,300.70001220703125,2932.60009765625,1551.5999755859375,927.0999755859375,701.0999755859375,965.9500122070312,2462.89990234375,1406.0999755859375,318.25,1471.9000244140625,5013.7998046875,1249.199951171875,270.29998779296875,429.54998779296875,4170.39990234375,3674.89990234375,15412.0,1055.1500244140625,368.45001220703125,1305.300048828125,268.2867736816406,294.45001220703125,1468.699951171875,2023.4871826171875,1056.800048828125,1182.9000244140625,1711.0999755859375,2909.800048828125,1152.5999755859375,384.70001220703125,207.58999633789062,1634.4000244140625,4249.10009765625,4218.89990234375,12969.0,229.80999755859375
2026-02-12,2211.800048828125,1543.699951171875,7529.00439453125,2410.5,1340.0,9840.0,999.0999755859375,2037.0999755859375,442.01824951171875,2014.5,1330.0,413.6813049316406,1274.9000244140625,7943.0,298.0,2925.5,1476.0999755859375,920.5999755859375,702.7000122070312,964.4000244140625,2409.699951171875,1430.0,317.45001220703125,1386.0,4982.7998046875,1247.9000244140625,267.54998779296875,426.25,4185.89990234375,3593.10009765625,15326.0,1062.9000244140625,368.25,1305.5,269.9965515136719,293.8999938964844,1448.9000244140625,2019.29296875,1082.800048828125,1192.4000244140625,1714.9000244140625,2750.10009765625,1149.300048828125,383.45001220703125,208.11000061035156,1536.5999755859375,4275.7998046875,4285.60009765625,13029.0,219.0800018310547
2026-02-13,2136.60009765625,1519.0,7532.5,2366.39990234375,1332.300048828125,9760.0,1024.75,2023.199951171875,433.7036437988281,2004.699951171875,1331.5,403.6144104003906,1268.0999755859375,8065.0,285.20001220703125,2888.0,1455.199951171875,903.9000244140625,696.7999877929688,909.0,2305.199951171875,1414.5999755859375,313.75,1369.0999755859375,4929.2001953125,1232.0,263.95001220703125,420.6499938964844,4173.89990234375,3533.39990234375,15237.0,1053.5999755859375,363.0,1282.5999755859375,261.2522888183594,287.20001220703125,1419.5999755859375,2031.3760986328125,1065.800048828125,1198.5999755859375,1697.5,2692.199951171875,1132.199951171875,380.25,203.17999267578125,1534.4000244140625,4179.2001953125,4252.0,12963.0,214.08999633789062
2026-02-16,2184.60009765625,1540.0999755859375,7618.0,2397.199951171875,1358.300048828125,9697.5,1012.75,2050.89990234375,436.14324951171875,2029.4000244140625,1356.4000244140625,416.98760986328125,1269.4000244140625,8010.5,286.6000061035156,2912.699951171875,1461.800048828125,925.7999877929688,703.9000244140625,907.4500122070312,2319.0,1411.5999755859375,317.95001220703125,1365.5999755859375,4940.7998046875,1248.199951171875,262.54998779296875,425.6000061035156,4201.5,3509.699951171875,15051.0,1075.8499755859375,369.1000061035156,1289.800048828125,265.306884765625,300.5,1437.0999755859375,2039.5648193359375,1085.4000244140625,1208.0999755859375,1700.5,2706.60009765625,1139.199951171875,377.25,205.80999755859375,1512.699951171875,4181.10009765625,4229.5,12981.0,213.25999450683594
2026-02-17,2242.89990234375,1566.300048828125,7601.5,2437.39990234375,1357.199951171875,9826.5,1014.1500244140625,2044.4000244140625,444.95574951171875,2020.300048828125,1343.9000244140625,416.04998779296875,1284.800048828125,8035.0,281.5,2900.39990234375,1482.5999755859375,925.7000122070312,705.7999877929688,890.0999755859375,2312.300048828125,1407.5,325.45001220703125,1391.199951171875,4977.0,1244.5999755859375,262.29998779296875,424.45001220703125,4279.7998046875,3489.199951171875,15179.0,1076.1500244140625,368.3999938964844,1285.300048828125,265.6000061035156,300.75,1423.0,2036.6688232421875,1075.0,1213.4000244140625,1717.0999755859375,2717.39990234375,1148.5,382.8500061035156,203.0800018310547,1523.800048828125,4236.39990234375,4171.89990234375,12984.0,215.69000244140625
2026-02-18,2211.199951171875,1550.800048828125,7647.5,2432.10009765625,1377.0,9980.0,1023.7999877929688,2060.60009765625,445.8021545410156,2021.800048828125,1349.800048828125,418.0,1280.300048828125,8009.5,277.3500061035156,2933.800048828125,1467.199951171875,924.7000122070312,729.5999755859375,899.25,2323.5,1408.199951171875,332.45001220703125,1373.699951171875,4980.39990234375,1251.199951171875,264.1000061035156,426.3500061035156,4325.89990234375,3530.5,15164.0,1086.25,368.3999938964844,1300.9000244140625,264.6000061035156,300.54998779296875,1441.300048828125,2056.740966796875,1076.199951171875,1218.9000244140625,1724.4000244140625,2694.89990234375,1169.699951171875,382.8500061035156,209.02999877929688,1504.800048828125,4248.60009765625,4187.2001953125,13052.0,211.9499969482422
2026-02-19,2156.699951171875,1513.300048828125,7592.5,2400.800048828125,1356.5999755859375,9729.0,1017.0499877929688,2033.199951171875,433.5044860839844,1988.5999755859375,1328.9000244140625,416.1499938964844,1282.300048828125,7897.0,271.75,2864.300048828125,1450.4000244140625,915.5999755859375,733.1500244140625,905.6500244140625,2279.300048828125,1388.800048828125,326.0,1370.5,4815.10009765625,1228.4000244140625,258.6000061035156,416.3999938964844,4280.5,3431.800048828125,14903.0,1081.449951171875,363.20001220703125,1278.5,274.6499938964844,294.6499938964844,1409.5,2040.1639404296875,1054.699951171875,1205.699951171875,1713.4000244140625,2677.89990234375,1160.5,375.70001220703125,205.41000366210938,1479.300048828125,4198.2001953125,4067.89990234375,12688.0,211.2100067138672
2026-02-20,2160.800048828125,1511.5,7615.5,2428.10009765625,1368.300048828125,9807.0,1030.199951171875,2058.5,439.2799072265625,1977.4000244140625,1341.0999755859375,423.54998779296875,1280.4000244140625,7936.5,269.45001220703125,2832.800048828125,1436.5,911.8499755859375,728.6500244140625,935.7000122070312,2314.5,1394.5,327.0,1353.199951171875,4854.60009765625,1235.800048828125,258.6000061035156,421.3500061035156,4380.60009765625,3412.800048828125,14977.0,1087.9000244140625,372.95001220703125,1293.800048828125,278.6499938964844,298.95001220703125,1419.4000244140625,2077.112548828125,1059.300048828125,1216.0999755859375,1724.4000244140625,2686.199951171875,1156.199951171875,378.0,208.36000061035156,1456.9000244140625,4236.39990234375,4091.0,12766.0,209.86000061035156
2026-02-23,2191.0,1555.800048828125,7693.0,2429.699951171875,1386.699951171875,9905.5,1031.0,2051.60009765625,437.8858337402344,1997.300048828125,1326.5,426.0,1307.4000244140625,8038.5,268.0,2873.39990234375,1426.199951171875,923.5999755859375,742.4500122070312,916.2000122070312,2345.39990234375,1399.4000244140625,325.3999938964844,1327.5,4862.2001953125,1240.5,257.79998779296875,430.70001220703125,4418.10009765625,3447.10009765625,15072.0,1083.5999755859375,375.45001220703125,1315.0999755859375,275.6499938964844,303.3500061035156,1428.0,2106.671630859375,1064.699951171875,1227.800048828125,1732.300048828125,2676.300048828125,1171.800048828125,379.95001220703125,208.13999938964844,1440.9000244140625,4272.7001953125,4054.89990234375,12976.0,205.88999938964844
2026-02-24,2183.0,1555.4000244140625,7720.5,2413.10009765625,1387.5999755859375,9829.0,1023.5499877929688,2043.300048828125,433.20574951171875,1941.0,1326.699951171875,430.95001220703125,1300.199951171875,7929.0,254.0,2879.300048828125,1339.199951171875,910.5,734.75,922.8499755859375,2358.60009765625,1384.800048828125,323.5,1275.5,4850.2998046875,1254.5,255.25,427.70001220703125,4259.2001953125,3433.199951171875,14926.0,1086.4000244140625,382.75,1320.0,276.5,304.79998779296875,1428.800048828125,2080.008544921875,1061.699951171875,1223.300048828125,1731.800048828125,2573.699951171875,1178.0,377.54998779296875,209.1300048828125,1345.4000244140625,4294.5,3931.300048828125,12960.0,200.13999938964844
2026-02-25,2231.699951171875,1528.699951171875,7783.0,2416.39990234375,1403.0,10097.0,1021.0499877929688,2049.300048828125,437.437744140625,1913.4000244140625,1346.0999755859375,438.6000061035156,1306.5,8008.0,250.1999969482422,2878.39990234375,1378.199951171875,907.5999755859375,735.25,937.4000244140625,2374.89990234375,1400.5,319.75,1290.0999755859375,4947.39990234375,1275.0,256.95001220703125,424.95001220703125,4298.5,3491.300048828125,15070.0,1088.0999755859375,384.8999938964844,1323.4000244140625,277.45001220703125,307.25,1398.5,2070.721435546875,1085.9000244140625,1200.0999755859375,1764.199951171875,2629.300048828125,1172.300048828125,381.8500061035156,214.63999938964844,1361.800048828125,4325.0,3922.0,13041.0,201.9199981689453
2026-02-26,2216.39990234375,1550.5999755859375,7775.0,2394.89990234375,1395.5,10110.0,1012.9500122070312,2041.300048828125,447.1463928222656,1929.5999755859375,1358.0999755859375,433.5,1319.300048828125,8190.0,246.5,2863.5,1373.5,898.5999755859375,734.0,941.2999877929688,2383.300048828125,1404.9000244140625,318.29998779296875,1289.0999755859375,4933.5,1280.5999755859375,256.1499938964844,424.54998779296875,4286.5,3484.60009765625,15213.0,1109.9000244140625,381.8999938964844,1318.0,280.1000061035156,303.25,1406.800048828125,2079.90869140625,1104.5999755859375,1209.5,1785.699951171875,2647.699951171875,1159.5,391.54998779296875,215.52000427246094,1361.800048828125,4342.60009765625,3856.0,12937.0,201.0800018310547
2026-02-27,2161.800048828125,1521.0,7821.5,2376.199951171875,1383.9000244140625,9972.5,995.9000244140625,1993.4000244140625,442.81488037109375,1879.300048828125,1348.199951171875,430.6499938964844,1286.300048828125,8010.5,246.3000030517578,2799.800048828125,1389.0999755859375,887.75,715.2999877929688,924.7000122070312,2338.10009765625,1378.9000244140625,313.6000061035156,1300.0999755859375,4827.2001953125,1264.699951171875,255.39999389648438,415.20001220703125,4278.2998046875,3397.39990234375,14857.0,1091.949951171875,381.8999938964844,1291.699951171875,279.70001220703125,298.6499938964844,1393.9000244140625,2034.3719482421875,1079.4000244140625,1201.699951171875,1737.0,2637.39990234375,1141.0,382.6499938964844,212.3300018310547,1357.800048828125,4327.5,3899.5,12677.0,200.9600067138672
2026-03-02,2124.60009765625,1470.300048828125,7791.5,2307.10009765625,1372.300048828125,9776.0,978.25,1941.9000244140625,452.0256652832031,1873.199951171875,1351.5999755859375,426.25,1294.4000244140625,7826.0,242.8699951171875,2777.300048828125,1371.0,879.4000244140625,707.2999877929688,940.0,2320.60009765625,1374.0,314.8999938964844,1288.9000244140625,4520.39990234375,1267.300048828125,249.0,413.1000061035156,4066.699951171875,3334.300048828125,14388.0,1083.5999755859375,377.54998779296875,1279.699951171875,282.20001220703125,296.79998779296875,1358.0,2029.37890625,1052.5,1189.9000244140625,1752.5,2613.5,1125.199951171875,370.6000061035156,211.00999450683594,1345.4000244140625,4270.2998046875,3848.5,12521.0,198.57000732421875
2026-03-04,2076.5,1434.4000244140625,7666.0,2285.199951171875,1351.300048828125,9652.5,945.0999755859375,1889.300048828125,444.95574951171875,1905.9000244140625,1313.199951171875,435.1499938964844,1291.199951171875,7626.5,240.72999572753906,2683.199951171875,1364.0,868.6500244140625,684.5999755859375,921.7999877929688,2261.300048828125,1365.4000244140625,311.95001220703125,1307.4000244140625,4392.89990234375,1213.0,241.3000030517578,403.3500061035156,3882.60009765625,3264.300048828125,14158.0,1053.699951171875,365.79998779296875,1245.300048828125,276.95001220703125,291.95001220703125,1345.0,1927.919921875,1010.0,1174.5,1750.5,2587.800048828125,1110.5999755859375,351.20001220703125,196.72999572753906,1351.199951171875,4204.39990234375,3756.800048828125,12107.0,195.5500030517578
2026-03-05,2089.199951171875,1499.300048828125,7775.0,2287.800048828125,1349.0999755859375,9804.5,962.4000244140625,1911.800048828125,458.04998779296875,1907.0,1326.4000244140625,449.3999938964844,1313.5,7755.0,240.13999938964844,2724.10009765625,1354.0999755859375,877.75,684.2999877929688,954.9500122070312,2255.0,1357.5999755859375,311.5,1305.800048828125,4512.7998046875,1248.0999755859375,243.10000610351562,407.29998779296875,4038.699951171875,3348.0,14415.0,1058.199951171875,378.04998779296875,1250.9000244140625,276.3500061035156,299.45001220703125,1389.4000244140625,1942.2999267578125,1039.5,1169.5,1784.5,2578.800048828125,1119.0999755859375,355.1499938964844,200.57000732421875,1333.300048828125,4275.2001953125,3790.89990234375,12288.0,195.67999267578125
2026-03-06,2039.9000244140625,1477.5,7724.5,2279.5,1315.800048828125,9816.0,950.2000122070312,1868.9000244140625,468.45001220703125,1870.800048828125,1321.199951171875,440.45001220703125,1303.800048828125,7620.5,232.57000732421875,2718.39990234375,1356.699951171875,857.0499877929688,668.5499877929688,958.9000244140625,2225.699951171875,1313.4000244140625,309.70001220703125,1308.4000244140625,4404.10009765625,1233.699951171875,239.35000610351562,399.79998779296875,3949.800048828125,3332.5,14159.0,1042.0,380.6000061035156,1252.4000244140625,278.95001220703125,299.1499938964844,1404.800048828125,1941.5999755859375,1007.5,1143.0,1799.4000244140625,2557.60009765625,1116.699951171875,350.75,198.4600067138672,1331.699951171875,4244.60009765625,3722.800048828125,11987.0,195.39999389648438
2026-03-09,1999.199951171875,1421.300048828125,7779.0,2220.800048828125,1288.300048828125,9383.0,938.0499877929688,1841.5,457.3500061035156,1866.699951171875,1325.0,437.6499938964844,1287.0,7266.0,229.55999755859375,2681.199951171875,1358.5999755859375,840.7000122070312,653.75,945.3499755859375,2194.60009765625,1278.4000244140625,306.0,1315.0,4236.7001953125,1192.5999755859375,232.25,386.3500061035156,3842.10009765625,3187.60009765625,13508.0,1041.5,376.25,1235.800048828125,270.79998779296875,295.20001220703125,1424.0,1912.5,987.2000122070312,1098.5,1807.4000244140625,2527.39990234375,1102.5,332.0,191.00999450683594,1336.300048828125,4159.2001953125,3689.39990234375,11378.0,198.75
2026-03-10,1996.5,1424.0999755859375,7803.0,2280.39990234375,1314.699951171875,9610.0,939.7999877929688,1867.800048828125,463.3500061035156,1850.4000244140625,1333.5,443.54998779296875,1314.5999755859375,7536.5,226.6199951171875,2743.89990234375,1361.5,849.4500122070312,656.0999755859375,956.5999755859375,2190.199951171875,1311.9000244140625,309.04998779296875,1295.5999755859375,4380.39990234375,1214.300048828125,236.0,391.8500061035156,3876.0,3293.699951171875,13867.0,1043.0999755859375,377.29998779296875,1241.199951171875,269.20001220703125,298.6499938964844,1408.800048828125,1963.699951171875,1062.9000244140625,1112.199951171875,1812.800048828125,2513.10009765625,1099.5,345.20001220703125,195.0,1336.5999755859375,4220.10009765625,3715.300048828125,11654.0,200.92999267578125
2026-03-11,1974.699951171875,1410.800048828125,7684.0,2232.0,1255.800048828125,9327.5,893.6500244140625,1795.300048828125,454.1000061035156,1807.0,1329.5,446.75,1325.5,7253.5,223.8000030517578,2735.60009765625,1350.300048828125,833.9500122070312,647.9000244140625,959.0999755859375,2161.39990234375,1294.5999755859375,309.0,1276.300048828125,4350.7001953125,1178.800048828125,238.6999969482422,383.20001220703125,3838.800048828125,3168.199951171875,13497.0,1032.199951171875,379.8999938964844,1233.699951171875,270.75,298.79998779296875,1390.199951171875,1938.5999755859375,1031.699951171875,1091.0999755859375,1825.9000244140625,2464.89990234375,1073.4000244140625,335.3500061035156,194.74000549316406,1334.4000244140625,4140.2998046875,3627.39990234375,11462.0,202.22999572753906
2026-03-12,2002.0,1391.5,7574.5,2221.199951171875,1234.5,9162.0,863.0999755859375,1770.800048828125,453.54998779296875,1801.300048828125,1324.300048828125,470.1000061035156,1319.0,6975.5,221.1699981689453,2673.10009765625,1358.0999755859375,832.75,645.7000122070312,969.75,2136.89990234375,1266.5,304.1000061035156,1265.800048828125,4251.7001953125,1172.5999755859375,242.1999969482422,375.29998779296875,3719.5,3031.199951171875,13011.0,1020.4000244140625,390.54998779296875,1220.800048828125,270.54998779296875,303.6000061035156,1392.199951171875,1939.4000244140625,1031.699951171875,1085.199951171875,1825.300048828125,2442.39990234375,1057.800048828125,324.54998779296875,193.47000122070312,1349.800048828125,4129.60009765625,3533.60009765625,11089.0,202.50999450683594
2026-03-13,1960.0,1368.800048828125,7545.0,2194.10009765625,1199.0999755859375,8875.0,856.5,1750.800048828125,439.0,1803.0,1315.0999755859375,466.5,1290.0,6765.0,217.0,2570.0,1329.0999755859375,816.7000122070312,624.5999755859375,910.9000244140625,2161.800048828125,1255.0,301.8999938964844,1250.4000244140625,4162.0,1120.0,235.85000610351562,367.1000061035156,3445.0,2940.0,12615.0,991.0,384.04998779296875,1202.0999755859375,264.04998779296875,301.0,1382.0999755859375,1908.800048828125,1005.9000244140625,1046.0,1802.0,2412.0,1082.0,314.20001220703125,183.00999450683594,1332.0,4072.5,3500.0,10744.0,197.75
